<Type Name="IMatrix&lt;T&gt;" FullName="MathNet.Numerics.LinearAlgebra.IMatrix&lt;T&gt;">
  <TypeSignature Language="C#" Value="public interface IMatrix&lt;T&gt;" />
  <AssemblyInfo>
    <AssemblyName>MathNet.Iridium</AssemblyName>
    <AssemblyVersion>1.0.0.8645</AssemblyVersion>
    <AssemblyVersion>2008.8.16.470</AssemblyVersion>
  </AssemblyInfo>
  <TypeParameters>
    <TypeParameter Name="T" />
  </TypeParameters>
  <Interfaces />
  <Attributes>
    <Attribute>
      <AttributeName>System.Reflection.DefaultMember("Item")</AttributeName>
    </Attribute>
  </Attributes>
  <Docs>
    <typeparam name="T">To be added.</typeparam>
    <summary>
            Generic Matrix
            </summary>
    <remarks>To be added.</remarks>
  </Docs>
  <Members>
    <Member MemberName="ColumnCount">
      <MemberSignature Language="C#" Value="public int ColumnCount { get; }" />
      <MemberType>Property</MemberType>
      <AssemblyInfo>
        <AssemblyVersion>1.0.0.8645</AssemblyVersion>
        <AssemblyVersion>2008.8.16.470</AssemblyVersion>
      </AssemblyInfo>
      <ReturnValue>
        <ReturnType>System.Int32</ReturnType>
      </ReturnValue>
      <Docs>
        <summary>
            Gets the number of columns.
            </summary>
        <value>To be added.</value>
        <remarks>To be added.</remarks>
      </Docs>
    </Member>
    <Member MemberName="CopyToArray">
      <MemberSignature Language="C#" Value="public T[,] CopyToArray ();" />
      <MemberType>Method</MemberType>
      <AssemblyInfo>
        <AssemblyVersion>1.0.0.8645</AssemblyVersion>
        <AssemblyVersion>2008.8.16.470</AssemblyVersion>
      </AssemblyInfo>
      <ReturnValue>
        <ReturnType>T[,]</ReturnType>
      </ReturnValue>
      <Parameters />
      <Docs>
        <summary>
            Copy all elements of this matrix to a rectangular 2D array.
            </summary>
        <returns>To be added.</returns>
        <remarks>To be added.</remarks>
      </Docs>
    </Member>
    <Member MemberName="CopyToJaggedArray">
      <MemberSignature Language="C#" Value="public T[][] CopyToJaggedArray ();" />
      <MemberType>Method</MemberType>
      <AssemblyInfo>
        <AssemblyVersion>1.0.0.8645</AssemblyVersion>
        <AssemblyVersion>2008.8.16.470</AssemblyVersion>
      </AssemblyInfo>
      <ReturnValue>
        <ReturnType>T[][]</ReturnType>
      </ReturnValue>
      <Parameters />
      <Docs>
        <summary>
            Copy all elements of this matrix to a jagged array.
            </summary>
        <returns>To be added.</returns>
        <remarks>To be added.</remarks>
      </Docs>
    </Member>
    <Member MemberName="Item">
      <MemberSignature Language="C#" Value="public T this[int i, int j] { set; get; }" />
      <MemberType>Property</MemberType>
      <AssemblyInfo>
        <AssemblyVersion>1.0.0.8645</AssemblyVersion>
        <AssemblyVersion>2008.8.16.470</AssemblyVersion>
      </AssemblyInfo>
      <ReturnValue>
        <ReturnType>T</ReturnType>
      </ReturnValue>
      <Parameters>
        <Parameter Name="i" Type="System.Int32" />
        <Parameter Name="j" Type="System.Int32" />
      </Parameters>
      <Docs>
        <param name="i">Row index.</param>
        <param name="j">Column index.</param>
        <summary>
            Gets or set the element indexed by <c>(i, j)</c>
            in the <c>Matrix</c>.
            </summary>
        <value>To be added.</value>
        <remarks>To be added.</remarks>
      </Docs>
    </Member>
    <Member MemberName="RowCount">
      <MemberSignature Language="C#" Value="public int RowCount { get; }" />
      <MemberType>Property</MemberType>
      <AssemblyInfo>
        <AssemblyVersion>1.0.0.8645</AssemblyVersion>
        <AssemblyVersion>2008.8.16.470</AssemblyVersion>
      </AssemblyInfo>
      <ReturnValue>
        <ReturnType>System.Int32</ReturnType>
      </ReturnValue>
      <Docs>
        <summary>
            Gets the number of rows.
            </summary>
        <value>To be added.</value>
        <remarks>To be added.</remarks>
      </Docs>
    </Member>
  </Members>
</Type>
