<Type Name="IVector&lt;T&gt;" FullName="MathNet.Numerics.LinearAlgebra.IVector&lt;T&gt;">
  <TypeSignature Language="C#" Value="public interface IVector&lt;T&gt;" />
  <AssemblyInfo>
    <AssemblyName>MathNet.Iridium</AssemblyName>
    <AssemblyVersion>1.0.0.8645</AssemblyVersion>
    <AssemblyVersion>2008.8.16.470</AssemblyVersion>
  </AssemblyInfo>
  <TypeParameters>
    <TypeParameter Name="T" />
  </TypeParameters>
  <Interfaces />
  <Attributes>
    <Attribute>
      <AttributeName>System.Reflection.DefaultMember("Item")</AttributeName>
    </Attribute>
  </Attributes>
  <Docs>
    <typeparam name="T">To be added.</typeparam>
    <summary>
            Generic Vector
            </summary>
    <remarks>To be added.</remarks>
  </Docs>
  <Members>
    <Member MemberName="CopyToArray">
      <MemberSignature Language="C#" Value="public T[] CopyToArray ();" />
      <MemberType>Method</MemberType>
      <AssemblyInfo>
        <AssemblyVersion>1.0.0.8645</AssemblyVersion>
        <AssemblyVersion>2008.8.16.470</AssemblyVersion>
      </AssemblyInfo>
      <ReturnValue>
        <ReturnType>T[]</ReturnType>
      </ReturnValue>
      <Parameters />
      <Docs>
        <summary>
            Copy all elements of this vector to an array.
            </summary>
        <returns>To be added.</returns>
        <remarks>To be added.</remarks>
      </Docs>
    </Member>
    <Member MemberName="Item">
      <MemberSignature Language="C#" Value="public T this[int i] { set; get; }" />
      <MemberType>Property</MemberType>
      <AssemblyInfo>
        <AssemblyVersion>1.0.0.8645</AssemblyVersion>
        <AssemblyVersion>2008.8.16.470</AssemblyVersion>
      </AssemblyInfo>
      <ReturnValue>
        <ReturnType>T</ReturnType>
      </ReturnValue>
      <Parameters>
        <Parameter Name="i" Type="System.Int32" />
      </Parameters>
      <Docs>
        <param name="i">Dimension index.</param>
        <summary>
            Gets or set the element indexed by <c>i</c>
            in the <c>Vector</c>.
            </summary>
        <value>To be added.</value>
        <remarks>To be added.</remarks>
      </Docs>
    </Member>
    <Member MemberName="Length">
      <MemberSignature Language="C#" Value="public int Length { get; }" />
      <MemberType>Property</MemberType>
      <AssemblyInfo>
        <AssemblyVersion>1.0.0.8645</AssemblyVersion>
        <AssemblyVersion>2008.8.16.470</AssemblyVersion>
      </AssemblyInfo>
      <ReturnValue>
        <ReturnType>System.Int32</ReturnType>
      </ReturnValue>
      <Docs>
        <summary>
            Gets the number of rows.
            </summary>
        <value>To be added.</value>
        <remarks>To be added.</remarks>
      </Docs>
    </Member>
  </Members>
</Type>
