<Type Name="ChiSquareDistribution" FullName="MathNet.Numerics.Distributions.ChiSquareDistribution">
  <TypeSignature Language="C#" Value="public sealed class ChiSquareDistribution : MathNet.Numerics.Distributions.ContinuousDistribution" />
  <AssemblyInfo>
    <AssemblyName>MathNet.Iridium</AssemblyName>
    <AssemblyVersion>1.0.0.8645</AssemblyVersion>
    <AssemblyVersion>2008.8.16.470</AssemblyVersion>
  </AssemblyInfo>
  <Base>
    <BaseTypeName>MathNet.Numerics.Distributions.ContinuousDistribution</BaseTypeName>
  </Base>
  <Interfaces />
  <Docs>
    <summary>
            Provides generation of chi-square distributed random numbers.
            </summary>
    <remarks>
            The implementation of the <see cref="T:MathNet.Numerics.Distributions.ChiSquareDistribution" /> type bases upon information presented on
              <a href="http://en.wikipedia.org/wiki/Chi-square_distribution">Wikipedia - Chi-square distribution</a>.
            </remarks>
  </Docs>
  <Members>
    <Member MemberName=".ctor">
      <MemberSignature Language="C#" Value="public ChiSquareDistribution ();" />
      <MemberType>Constructor</MemberType>
      <AssemblyInfo>
        <AssemblyVersion>1.0.0.8645</AssemblyVersion>
        <AssemblyVersion>2008.8.16.470</AssemblyVersion>
      </AssemblyInfo>
      <Parameters />
      <Docs>
        <summary>
            Initializes a new instance, using a <see cref="T:MathNet.Numerics.RandomSources.SystemRandomSource" />
            as underlying random number generator.
            </summary>
        <remarks>To be added.</remarks>
      </Docs>
    </Member>
    <Member MemberName=".ctor">
      <MemberSignature Language="C#" Value="public ChiSquareDistribution (MathNet.Numerics.RandomSources.RandomSource random);" />
      <MemberType>Constructor</MemberType>
      <AssemblyInfo>
        <AssemblyVersion>1.0.0.8645</AssemblyVersion>
        <AssemblyVersion>2008.8.16.470</AssemblyVersion>
      </AssemblyInfo>
      <Parameters>
        <Parameter Name="random" Type="MathNet.Numerics.RandomSources.RandomSource" />
      </Parameters>
      <Docs>
        <param name="random">A <see cref="P:MathNet.Numerics.Distributions.ChiSquareDistribution.RandomSource" /> object.</param>
        <summary>
            Initializes a new instance, using the specified <see cref="P:MathNet.Numerics.Distributions.ChiSquareDistribution.RandomSource" />
            as underlying random number generator.
            </summary>
        <remarks>To be added.</remarks>
        <exception cref="T:System.ArgumentNullException">
          <paramref name="random" /> is NULL (<see langword="Nothing" /> in Visual Basic).
            </exception>
      </Docs>
    </Member>
    <Member MemberName=".ctor">
      <MemberSignature Language="C#" Value="public ChiSquareDistribution (int degreesOfFreedom);" />
      <MemberType>Constructor</MemberType>
      <AssemblyInfo>
        <AssemblyVersion>1.0.0.8645</AssemblyVersion>
        <AssemblyVersion>2008.8.16.470</AssemblyVersion>
      </AssemblyInfo>
      <Parameters>
        <Parameter Name="degreesOfFreedom" Type="System.Int32" />
      </Parameters>
      <Docs>
        <param name="degreesOfFreedom">To be added.</param>
        <summary>
            Initializes a new instance, using a <see cref="T:MathNet.Numerics.RandomSources.SystemRandomSource" />
            as underlying random number generator.
            </summary>
        <remarks>To be added.</remarks>
      </Docs>
    </Member>
    <Member MemberName="CumulativeDistribution">
      <MemberSignature Language="C#" Value="public override double CumulativeDistribution (double x);" />
      <MemberType>Method</MemberType>
      <AssemblyInfo>
        <AssemblyVersion>1.0.0.8645</AssemblyVersion>
        <AssemblyVersion>2008.8.16.470</AssemblyVersion>
      </AssemblyInfo>
      <ReturnValue>
        <ReturnType>System.Double</ReturnType>
      </ReturnValue>
      <Parameters>
        <Parameter Name="x" Type="System.Double" />
      </Parameters>
      <Docs>
        <param name="x">To be added.</param>
        <summary>
            Continuous cumulative distribution function (cdf) of this probability distribution.
            </summary>
        <returns>To be added.</returns>
        <remarks>To be added.</remarks>
      </Docs>
    </Member>
    <Member MemberName="DegreesOfFreedom">
      <MemberSignature Language="C#" Value="public int DegreesOfFreedom { set; get; }" />
      <MemberType>Property</MemberType>
      <AssemblyInfo>
        <AssemblyVersion>1.0.0.8645</AssemblyVersion>
        <AssemblyVersion>2008.8.16.470</AssemblyVersion>
      </AssemblyInfo>
      <ReturnValue>
        <ReturnType>System.Int32</ReturnType>
      </ReturnValue>
      <Docs>
        <summary>
            Gets or sets the degrees of freedom (the number of standard distributed random variables) parameter.
            </summary>
        <value>To be added.</value>
        <remarks>To be added.</remarks>
      </Docs>
    </Member>
    <Member MemberName="IsValidParameterSet">
      <MemberSignature Language="C#" Value="public static bool IsValidParameterSet (int degreesOfFreedom);" />
      <MemberType>Method</MemberType>
      <AssemblyInfo>
        <AssemblyVersion>1.0.0.8645</AssemblyVersion>
        <AssemblyVersion>2008.8.16.470</AssemblyVersion>
      </AssemblyInfo>
      <ReturnValue>
        <ReturnType>System.Boolean</ReturnType>
      </ReturnValue>
      <Parameters>
        <Parameter Name="degreesOfFreedom" Type="System.Int32" />
      </Parameters>
      <Docs>
        <param name="degreesOfFreedom">To be added.</param>
        <summary>
            Determines whether the specified parameters is valid.
            </summary>
        <returns>
          <see langword="true" /> if degreesOfFreedom is greater than 0.0; otherwise, <see langword="false" />.
            </returns>
        <remarks>To be added.</remarks>
      </Docs>
    </Member>
    <Member MemberName="Maximum">
      <MemberSignature Language="C#" Value="public override double Maximum { get; }" />
      <MemberType>Property</MemberType>
      <AssemblyInfo>
        <AssemblyVersion>1.0.0.8645</AssemblyVersion>
        <AssemblyVersion>2008.8.16.470</AssemblyVersion>
      </AssemblyInfo>
      <ReturnValue>
        <ReturnType>System.Double</ReturnType>
      </ReturnValue>
      <Docs>
        <summary>
            Gets the maximum possible value of generated random numbers.
            </summary>
        <value>To be added.</value>
        <remarks>To be added.</remarks>
      </Docs>
    </Member>
    <Member MemberName="Mean">
      <MemberSignature Language="C#" Value="public override double Mean { get; }" />
      <MemberType>Property</MemberType>
      <AssemblyInfo>
        <AssemblyVersion>1.0.0.8645</AssemblyVersion>
        <AssemblyVersion>2008.8.16.470</AssemblyVersion>
      </AssemblyInfo>
      <ReturnValue>
        <ReturnType>System.Double</ReturnType>
      </ReturnValue>
      <Docs>
        <summary>
            Gets the mean value of generated random numbers.
            </summary>
        <value>To be added.</value>
        <remarks>To be added.</remarks>
      </Docs>
    </Member>
    <Member MemberName="Median">
      <MemberSignature Language="C#" Value="public override double Median { get; }" />
      <MemberType>Property</MemberType>
      <AssemblyInfo>
        <AssemblyVersion>1.0.0.8645</AssemblyVersion>
        <AssemblyVersion>2008.8.16.470</AssemblyVersion>
      </AssemblyInfo>
      <ReturnValue>
        <ReturnType>System.Double</ReturnType>
      </ReturnValue>
      <Docs>
        <summary>
            Gets the median of generated random numbers.
            </summary>
        <value>To be added.</value>
        <remarks>To be added.</remarks>
      </Docs>
    </Member>
    <Member MemberName="Minimum">
      <MemberSignature Language="C#" Value="public override double Minimum { get; }" />
      <MemberType>Property</MemberType>
      <AssemblyInfo>
        <AssemblyVersion>1.0.0.8645</AssemblyVersion>
        <AssemblyVersion>2008.8.16.470</AssemblyVersion>
      </AssemblyInfo>
      <ReturnValue>
        <ReturnType>System.Double</ReturnType>
      </ReturnValue>
      <Docs>
        <summary>
            Gets the minimum possible value of generated random numbers.
            </summary>
        <value>To be added.</value>
        <remarks>To be added.</remarks>
      </Docs>
    </Member>
    <Member MemberName="NextDouble">
      <MemberSignature Language="C#" Value="public override double NextDouble ();" />
      <MemberType>Method</MemberType>
      <AssemblyInfo>
        <AssemblyVersion>1.0.0.8645</AssemblyVersion>
        <AssemblyVersion>2008.8.16.470</AssemblyVersion>
      </AssemblyInfo>
      <ReturnValue>
        <ReturnType>System.Double</ReturnType>
      </ReturnValue>
      <Parameters />
      <Docs>
        <summary>
            Returns a chi-square distributed floating point random number.
            </summary>
        <returns>A chi-square distributed double-precision floating point number.</returns>
        <remarks>To be added.</remarks>
      </Docs>
    </Member>
    <Member MemberName="ProbabilityDensity">
      <MemberSignature Language="C#" Value="public override double ProbabilityDensity (double x);" />
      <MemberType>Method</MemberType>
      <AssemblyInfo>
        <AssemblyVersion>1.0.0.8645</AssemblyVersion>
        <AssemblyVersion>2008.8.16.470</AssemblyVersion>
      </AssemblyInfo>
      <ReturnValue>
        <ReturnType>System.Double</ReturnType>
      </ReturnValue>
      <Parameters>
        <Parameter Name="x" Type="System.Double" />
      </Parameters>
      <Docs>
        <param name="x">To be added.</param>
        <summary>
            Continuous probability density function (pdf) of this probability distribution.
            </summary>
        <returns>To be added.</returns>
        <remarks>To be added.</remarks>
      </Docs>
    </Member>
    <Member MemberName="RandomSource">
      <MemberSignature Language="C#" Value="public override MathNet.Numerics.RandomSources.RandomSource RandomSource { set; get; }" />
      <MemberType>Property</MemberType>
      <AssemblyInfo>
        <AssemblyVersion>1.0.0.8645</AssemblyVersion>
        <AssemblyVersion>2008.8.16.470</AssemblyVersion>
      </AssemblyInfo>
      <ReturnValue>
        <ReturnType>MathNet.Numerics.RandomSources.RandomSource</ReturnType>
      </ReturnValue>
      <Docs>
        <summary>
            Gets or sets a <see cref="P:MathNet.Numerics.Distributions.ChiSquareDistribution.RandomSource" /> object that can be used
            as underlying random number generator.
            </summary>
        <value>To be added.</value>
        <remarks>To be added.</remarks>
      </Docs>
    </Member>
    <Member MemberName="SetDistributionParameters">
      <MemberSignature Language="C#" Value="public void SetDistributionParameters (int degreesOfFreedom);" />
      <MemberType>Method</MemberType>
      <AssemblyInfo>
        <AssemblyVersion>1.0.0.8645</AssemblyVersion>
        <AssemblyVersion>2008.8.16.470</AssemblyVersion>
      </AssemblyInfo>
      <ReturnValue>
        <ReturnType>System.Void</ReturnType>
      </ReturnValue>
      <Parameters>
        <Parameter Name="degreesOfFreedom" Type="System.Int32" />
      </Parameters>
      <Docs>
        <param name="degreesOfFreedom">To be added.</param>
        <summary>
            Configure all distribution parameters.
            </summary>
        <remarks>To be added.</remarks>
      </Docs>
    </Member>
    <Member MemberName="Skewness">
      <MemberSignature Language="C#" Value="public override double Skewness { get; }" />
      <MemberType>Property</MemberType>
      <AssemblyInfo>
        <AssemblyVersion>1.0.0.8645</AssemblyVersion>
        <AssemblyVersion>2008.8.16.470</AssemblyVersion>
      </AssemblyInfo>
      <ReturnValue>
        <ReturnType>System.Double</ReturnType>
      </ReturnValue>
      <Docs>
        <summary>
            Gets the skewness of generated random numbers.
            </summary>
        <value>To be added.</value>
        <remarks>To be added.</remarks>
      </Docs>
    </Member>
    <Member MemberName="Variance">
      <MemberSignature Language="C#" Value="public override double Variance { get; }" />
      <MemberType>Property</MemberType>
      <AssemblyInfo>
        <AssemblyVersion>1.0.0.8645</AssemblyVersion>
        <AssemblyVersion>2008.8.16.470</AssemblyVersion>
      </AssemblyInfo>
      <ReturnValue>
        <ReturnType>System.Double</ReturnType>
      </ReturnValue>
      <Docs>
        <summary>
            Gets the variance of generated random numbers.
            </summary>
        <value>To be added.</value>
        <remarks>To be added.</remarks>
      </Docs>
    </Member>
  </Members>
</Type>
