<Type Name="ExponentialDistribution" FullName="MathNet.Numerics.Distributions.ExponentialDistribution">
  <TypeSignature Language="C#" Value="public sealed class ExponentialDistribution : MathNet.Numerics.Distributions.ContinuousDistribution" />
  <AssemblyInfo>
    <AssemblyName>MathNet.Iridium</AssemblyName>
    <AssemblyVersion>1.0.0.8645</AssemblyVersion>
    <AssemblyVersion>2008.8.16.470</AssemblyVersion>
  </AssemblyInfo>
  <Base>
    <BaseTypeName>MathNet.Numerics.Distributions.ContinuousDistribution</BaseTypeName>
  </Base>
  <Interfaces />
  <Docs>
    <summary>
             Pseudo-random generation of exponentially distributed deviates.
             </summary>
    <remarks>
      <para>For details about this distribution, see 
             <a href="http://en.wikipedia.org/wiki/Exponential_distribution">
             Wikipedia - Exponential distribution</a>.</para>
      <para>For details of the algorithm, see
             <a href="http://www.library.cornell.edu/nr/">
             Numerical recipes in C</a> (chapter 7)</para>
      <para>pdf: f(x) = l*exp(-l*x); l = lambda</para>
    </remarks>
  </Docs>
  <Members>
    <Member MemberName=".ctor">
      <MemberSignature Language="C#" Value="public ExponentialDistribution ();" />
      <MemberType>Constructor</MemberType>
      <AssemblyInfo>
        <AssemblyVersion>1.0.0.8645</AssemblyVersion>
        <AssemblyVersion>2008.8.16.470</AssemblyVersion>
      </AssemblyInfo>
      <Parameters />
      <Docs>
        <summary>
            Initializes a new instance, using a <see cref="T:MathNet.Numerics.RandomSources.SystemRandomSource" />
            as underlying random number generator.
            </summary>
        <remarks>To be added.</remarks>
      </Docs>
    </Member>
    <Member MemberName=".ctor">
      <MemberSignature Language="C#" Value="public ExponentialDistribution (MathNet.Numerics.RandomSources.RandomSource random);" />
      <MemberType>Constructor</MemberType>
      <AssemblyInfo>
        <AssemblyVersion>1.0.0.8645</AssemblyVersion>
        <AssemblyVersion>2008.8.16.470</AssemblyVersion>
      </AssemblyInfo>
      <Parameters>
        <Parameter Name="random" Type="MathNet.Numerics.RandomSources.RandomSource" />
      </Parameters>
      <Docs>
        <param name="random">A <see cref="T:MathNet.Numerics.RandomSources.RandomSource" /> object.</param>
        <summary>
            Initializes a new instance, using the specified <see cref="T:MathNet.Numerics.RandomSources.RandomSource" />
            as underlying random number generator.
            </summary>
        <remarks>To be added.</remarks>
        <exception cref="T:System.ArgumentNullException">
          <paramref name="random" /> is NULL (<see langword="Nothing" /> in Visual Basic).
            </exception>
      </Docs>
    </Member>
    <Member MemberName=".ctor">
      <MemberSignature Language="C#" Value="public ExponentialDistribution (double rate);" />
      <MemberType>Constructor</MemberType>
      <AssemblyInfo>
        <AssemblyVersion>1.0.0.8645</AssemblyVersion>
        <AssemblyVersion>2008.8.16.470</AssemblyVersion>
      </AssemblyInfo>
      <Parameters>
        <Parameter Name="rate" Type="System.Double" />
      </Parameters>
      <Docs>
        <param name="rate">To be added.</param>
        <summary>
            Initializes a new instance, using a <see cref="T:MathNet.Numerics.RandomSources.SystemRandomSource" />
            as underlying random number generator.
            </summary>
        <remarks>To be added.</remarks>
      </Docs>
    </Member>
    <Member MemberName="CumulativeDistribution">
      <MemberSignature Language="C#" Value="public override double CumulativeDistribution (double x);" />
      <MemberType>Method</MemberType>
      <AssemblyInfo>
        <AssemblyVersion>1.0.0.8645</AssemblyVersion>
        <AssemblyVersion>2008.8.16.470</AssemblyVersion>
      </AssemblyInfo>
      <ReturnValue>
        <ReturnType>System.Double</ReturnType>
      </ReturnValue>
      <Parameters>
        <Parameter Name="x" Type="System.Double" />
      </Parameters>
      <Docs>
        <param name="x">To be added.</param>
        <summary>
            Continuous cumulative distribution function (cdf) of this probability distribution.
            </summary>
        <returns>To be added.</returns>
        <remarks>To be added.</remarks>
      </Docs>
    </Member>
    <Member MemberName="IsValidParameterSet">
      <MemberSignature Language="C#" Value="public static bool IsValidParameterSet (double rate);" />
      <MemberType>Method</MemberType>
      <AssemblyInfo>
        <AssemblyVersion>1.0.0.8645</AssemblyVersion>
        <AssemblyVersion>2008.8.16.470</AssemblyVersion>
      </AssemblyInfo>
      <ReturnValue>
        <ReturnType>System.Boolean</ReturnType>
      </ReturnValue>
      <Parameters>
        <Parameter Name="rate" Type="System.Double" />
      </Parameters>
      <Docs>
        <param name="rate">To be added.</param>
        <summary>
            Determines whether the specified parameters is valid.
            </summary>
        <returns>
          <see langword="true" /> if value is greater than 0.0; otherwise, <see langword="false" />.
            </returns>
        <remarks>To be added.</remarks>
      </Docs>
    </Member>
    <Member MemberName="Maximum">
      <MemberSignature Language="C#" Value="public override double Maximum { get; }" />
      <MemberType>Property</MemberType>
      <AssemblyInfo>
        <AssemblyVersion>1.0.0.8645</AssemblyVersion>
        <AssemblyVersion>2008.8.16.470</AssemblyVersion>
      </AssemblyInfo>
      <ReturnValue>
        <ReturnType>System.Double</ReturnType>
      </ReturnValue>
      <Docs>
        <summary>
            Gets the maximum possible value of generated random numbers.
            </summary>
        <value>To be added.</value>
        <remarks>To be added.</remarks>
      </Docs>
    </Member>
    <Member MemberName="Mean">
      <MemberSignature Language="C#" Value="public override double Mean { get; }" />
      <MemberType>Property</MemberType>
      <AssemblyInfo>
        <AssemblyVersion>1.0.0.8645</AssemblyVersion>
        <AssemblyVersion>2008.8.16.470</AssemblyVersion>
      </AssemblyInfo>
      <ReturnValue>
        <ReturnType>System.Double</ReturnType>
      </ReturnValue>
      <Docs>
        <summary>
            Gets the mean value of generated random numbers.
            </summary>
        <value>To be added.</value>
        <remarks>To be added.</remarks>
      </Docs>
    </Member>
    <Member MemberName="Median">
      <MemberSignature Language="C#" Value="public override double Median { get; }" />
      <MemberType>Property</MemberType>
      <AssemblyInfo>
        <AssemblyVersion>1.0.0.8645</AssemblyVersion>
        <AssemblyVersion>2008.8.16.470</AssemblyVersion>
      </AssemblyInfo>
      <ReturnValue>
        <ReturnType>System.Double</ReturnType>
      </ReturnValue>
      <Docs>
        <summary>
            Gets the median of generated random numbers.
            </summary>
        <value>To be added.</value>
        <remarks>To be added.</remarks>
      </Docs>
    </Member>
    <Member MemberName="Minimum">
      <MemberSignature Language="C#" Value="public override double Minimum { get; }" />
      <MemberType>Property</MemberType>
      <AssemblyInfo>
        <AssemblyVersion>1.0.0.8645</AssemblyVersion>
        <AssemblyVersion>2008.8.16.470</AssemblyVersion>
      </AssemblyInfo>
      <ReturnValue>
        <ReturnType>System.Double</ReturnType>
      </ReturnValue>
      <Docs>
        <summary>
            Gets the minimum possible value of generated random numbers.
            </summary>
        <value>To be added.</value>
        <remarks>To be added.</remarks>
      </Docs>
    </Member>
    <Member MemberName="NextDouble">
      <MemberSignature Language="C#" Value="public override double NextDouble ();" />
      <MemberType>Method</MemberType>
      <AssemblyInfo>
        <AssemblyVersion>1.0.0.8645</AssemblyVersion>
        <AssemblyVersion>2008.8.16.470</AssemblyVersion>
      </AssemblyInfo>
      <ReturnValue>
        <ReturnType>System.Double</ReturnType>
      </ReturnValue>
      <Parameters />
      <Docs>
        <summary>
            Returns a exponential distributed floating point random number.
            </summary>
        <returns>A exponential distributed double-precision floating point number.</returns>
        <remarks>To be added.</remarks>
      </Docs>
    </Member>
    <Member MemberName="ProbabilityDensity">
      <MemberSignature Language="C#" Value="public override double ProbabilityDensity (double x);" />
      <MemberType>Method</MemberType>
      <AssemblyInfo>
        <AssemblyVersion>1.0.0.8645</AssemblyVersion>
        <AssemblyVersion>2008.8.16.470</AssemblyVersion>
      </AssemblyInfo>
      <ReturnValue>
        <ReturnType>System.Double</ReturnType>
      </ReturnValue>
      <Parameters>
        <Parameter Name="x" Type="System.Double" />
      </Parameters>
      <Docs>
        <param name="x">To be added.</param>
        <summary>
            Continuous probability density function (pdf) of this probability distribution.
            </summary>
        <returns>To be added.</returns>
        <remarks>To be added.</remarks>
      </Docs>
    </Member>
    <Member MemberName="Rate">
      <MemberSignature Language="C#" Value="public double Rate { set; get; }" />
      <MemberType>Property</MemberType>
      <AssemblyInfo>
        <AssemblyVersion>1.0.0.8645</AssemblyVersion>
        <AssemblyVersion>2008.8.16.470</AssemblyVersion>
      </AssemblyInfo>
      <ReturnValue>
        <ReturnType>System.Double</ReturnType>
      </ReturnValue>
      <Docs>
        <summary>
            Gets or sets the average rate parameter, also known as lambda.
            </summary>
        <value>To be added.</value>
        <remarks>To be added.</remarks>
      </Docs>
    </Member>
    <Member MemberName="SetDistributionParameters">
      <MemberSignature Language="C#" Value="public void SetDistributionParameters (double rate);" />
      <MemberType>Method</MemberType>
      <AssemblyInfo>
        <AssemblyVersion>1.0.0.8645</AssemblyVersion>
        <AssemblyVersion>2008.8.16.470</AssemblyVersion>
      </AssemblyInfo>
      <ReturnValue>
        <ReturnType>System.Void</ReturnType>
      </ReturnValue>
      <Parameters>
        <Parameter Name="rate" Type="System.Double" />
      </Parameters>
      <Docs>
        <param name="rate">To be added.</param>
        <summary>
            Configure all distribution parameters.
            </summary>
        <remarks>To be added.</remarks>
      </Docs>
    </Member>
    <Member MemberName="Skewness">
      <MemberSignature Language="C#" Value="public override double Skewness { get; }" />
      <MemberType>Property</MemberType>
      <AssemblyInfo>
        <AssemblyVersion>1.0.0.8645</AssemblyVersion>
        <AssemblyVersion>2008.8.16.470</AssemblyVersion>
      </AssemblyInfo>
      <ReturnValue>
        <ReturnType>System.Double</ReturnType>
      </ReturnValue>
      <Docs>
        <summary>
            Gets the skewness of generated random numbers.
            </summary>
        <value>To be added.</value>
        <remarks>To be added.</remarks>
      </Docs>
    </Member>
    <Member MemberName="Variance">
      <MemberSignature Language="C#" Value="public override double Variance { get; }" />
      <MemberType>Property</MemberType>
      <AssemblyInfo>
        <AssemblyVersion>1.0.0.8645</AssemblyVersion>
        <AssemblyVersion>2008.8.16.470</AssemblyVersion>
      </AssemblyInfo>
      <ReturnValue>
        <ReturnType>System.Double</ReturnType>
      </ReturnValue>
      <Docs>
        <summary>
            Gets the variance of generated random numbers.
            </summary>
        <value>To be added.</value>
        <remarks>To be added.</remarks>
      </Docs>
    </Member>
  </Members>
</Type>
