<Type Name="NormalDistribution" FullName="MathNet.Numerics.Distributions.NormalDistribution">
  <TypeSignature Language="C#" Value="public sealed class NormalDistribution : MathNet.Numerics.Distributions.ContinuousDistribution" />
  <AssemblyInfo>
    <AssemblyName>MathNet.Iridium</AssemblyName>
    <AssemblyVersion>1.0.0.8645</AssemblyVersion>
    <AssemblyVersion>2008.8.16.470</AssemblyVersion>
  </AssemblyInfo>
  <Base>
    <BaseTypeName>MathNet.Numerics.Distributions.ContinuousDistribution</BaseTypeName>
  </Base>
  <Interfaces />
  <Docs>
    <summary>
             Pseudo-random generation of normal distributed deviates.
             </summary>
    <remarks>
      <para>For details about this distribution, see 
             <a href="http://en.wikipedia.org/wiki/Normal_distribution">
             Wikipedia - Normal distribution</a>.</para>
      <para>This implementation is based on the <i>Box-Muller</i> algorithm
             for generating random deviates with a normal distribution.</para>
      <para>For details of the algorithm, see
             <a href="http://www.library.cornell.edu/nr/">
             Numerical recipes in C</a> (chapter 7)</para>
      <para>pdf: f(x) = 1/(s*sqrt(2*Pi))*exp(-(x-m)^2/(2*s^2)); m = mu (location), s = sigma (scale)</para>
    </remarks>
  </Docs>
  <Members>
    <Member MemberName=".ctor">
      <MemberSignature Language="C#" Value="public NormalDistribution ();" />
      <MemberType>Constructor</MemberType>
      <AssemblyInfo>
        <AssemblyVersion>1.0.0.8645</AssemblyVersion>
        <AssemblyVersion>2008.8.16.470</AssemblyVersion>
      </AssemblyInfo>
      <Parameters />
      <Docs>
        <summary>
            Initializes a new instance, using a <see cref="T:MathNet.Numerics.RandomSources.SystemRandomSource" />
            as underlying random number generator.
            </summary>
        <remarks>To be added.</remarks>
      </Docs>
    </Member>
    <Member MemberName=".ctor">
      <MemberSignature Language="C#" Value="public NormalDistribution (MathNet.Numerics.RandomSources.RandomSource random);" />
      <MemberType>Constructor</MemberType>
      <AssemblyInfo>
        <AssemblyVersion>1.0.0.8645</AssemblyVersion>
        <AssemblyVersion>2008.8.16.470</AssemblyVersion>
      </AssemblyInfo>
      <Parameters>
        <Parameter Name="random" Type="MathNet.Numerics.RandomSources.RandomSource" />
      </Parameters>
      <Docs>
        <param name="random">A <see cref="P:MathNet.Numerics.Distributions.NormalDistribution.RandomSource" /> object.</param>
        <summary>
            Initializes a new instance, using the specified <see cref="P:MathNet.Numerics.Distributions.NormalDistribution.RandomSource" />
            as underlying random number generator.
            </summary>
        <remarks>To be added.</remarks>
        <exception cref="T:System.ArgumentNullException">
          <paramref name="random" /> is NULL (<see langword="Nothing" /> in Visual Basic).
            </exception>
      </Docs>
    </Member>
    <Member MemberName=".ctor">
      <MemberSignature Language="C#" Value="public NormalDistribution (double mu, double sigma);" />
      <MemberType>Constructor</MemberType>
      <AssemblyInfo>
        <AssemblyVersion>1.0.0.8645</AssemblyVersion>
        <AssemblyVersion>2008.8.16.470</AssemblyVersion>
      </AssemblyInfo>
      <Parameters>
        <Parameter Name="mu" Type="System.Double" />
        <Parameter Name="sigma" Type="System.Double" />
      </Parameters>
      <Docs>
        <param name="mu">To be added.</param>
        <param name="sigma">To be added.</param>
        <summary>
            Initializes a new instance, using a <see cref="T:MathNet.Numerics.RandomSources.SystemRandomSource" />
            as underlying random number generator.
            </summary>
        <remarks>To be added.</remarks>
      </Docs>
    </Member>
    <Member MemberName="CumulativeDistribution">
      <MemberSignature Language="C#" Value="public override double CumulativeDistribution (double x);" />
      <MemberType>Method</MemberType>
      <AssemblyInfo>
        <AssemblyVersion>1.0.0.8645</AssemblyVersion>
        <AssemblyVersion>2008.8.16.470</AssemblyVersion>
      </AssemblyInfo>
      <ReturnValue>
        <ReturnType>System.Double</ReturnType>
      </ReturnValue>
      <Parameters>
        <Parameter Name="x" Type="System.Double" />
      </Parameters>
      <Docs>
        <param name="x">To be added.</param>
        <summary>
            Continuous cumulative distribution function (cdf) of this probability distribution.
            </summary>
        <returns>To be added.</returns>
        <remarks>To be added.</remarks>
      </Docs>
    </Member>
    <Member MemberName="EstimateDistributionParameters">
      <MemberSignature Language="C#" Value="public void EstimateDistributionParameters (System.Collections.Generic.IEnumerable&lt;double&gt; samples);" />
      <MemberType>Method</MemberType>
      <AssemblyInfo>
        <AssemblyVersion>1.0.0.8645</AssemblyVersion>
        <AssemblyVersion>2008.8.16.470</AssemblyVersion>
      </AssemblyInfo>
      <ReturnValue>
        <ReturnType>System.Void</ReturnType>
      </ReturnValue>
      <Parameters>
        <Parameter Name="samples" Type="System.Collections.Generic.IEnumerable&lt;System.Double&gt;" />
      </Parameters>
      <Docs>
        <param name="samples">Samples of this distribution.</param>
        <summary>
            Estimate and set all distribution parameters based on a sample set.
            </summary>
        <remarks>To be added.</remarks>
      </Docs>
    </Member>
    <Member MemberName="InverseCumulativeDistribution">
      <MemberSignature Language="C#" Value="public double InverseCumulativeDistribution (double x);" />
      <MemberType>Method</MemberType>
      <AssemblyInfo>
        <AssemblyVersion>1.0.0.8645</AssemblyVersion>
        <AssemblyVersion>2008.8.16.470</AssemblyVersion>
      </AssemblyInfo>
      <ReturnValue>
        <ReturnType>System.Double</ReturnType>
      </ReturnValue>
      <Parameters>
        <Parameter Name="x" Type="System.Double" />
      </Parameters>
      <Docs>
        <param name="x">To be added.</param>
        <summary>
            Inverse of the continuous cumulative distribution function of this probability distribution.
            </summary>
        <returns>To be added.</returns>
        <remarks>To be added.</remarks>
        <altmember cref="M:MathNet.Numerics.Distributions.NormalDistribution.CumulativeDistribution(System.Double)" />
      </Docs>
    </Member>
    <Member MemberName="IsValidParameterSet">
      <MemberSignature Language="C#" Value="public static bool IsValidParameterSet (double mu, double sigma);" />
      <MemberType>Method</MemberType>
      <AssemblyInfo>
        <AssemblyVersion>1.0.0.8645</AssemblyVersion>
        <AssemblyVersion>2008.8.16.470</AssemblyVersion>
      </AssemblyInfo>
      <ReturnValue>
        <ReturnType>System.Boolean</ReturnType>
      </ReturnValue>
      <Parameters>
        <Parameter Name="mu" Type="System.Double" />
        <Parameter Name="sigma" Type="System.Double" />
      </Parameters>
      <Docs>
        <param name="mu">To be added.</param>
        <param name="sigma">To be added.</param>
        <summary>
            Determines whether the specified parameters is valid.
            </summary>
        <returns>
          <see langword="true" /> if sigma is greater than 0.0; otherwise, <see langword="false" />.
            </returns>
        <remarks>To be added.</remarks>
      </Docs>
    </Member>
    <Member MemberName="Maximum">
      <MemberSignature Language="C#" Value="public override double Maximum { get; }" />
      <MemberType>Property</MemberType>
      <AssemblyInfo>
        <AssemblyVersion>1.0.0.8645</AssemblyVersion>
        <AssemblyVersion>2008.8.16.470</AssemblyVersion>
      </AssemblyInfo>
      <ReturnValue>
        <ReturnType>System.Double</ReturnType>
      </ReturnValue>
      <Docs>
        <summary>
            Gets the maximum possible value of generated random numbers.
            </summary>
        <value>To be added.</value>
        <remarks>To be added.</remarks>
      </Docs>
    </Member>
    <Member MemberName="Mean">
      <MemberSignature Language="C#" Value="public override double Mean { get; }" />
      <MemberType>Property</MemberType>
      <AssemblyInfo>
        <AssemblyVersion>1.0.0.8645</AssemblyVersion>
        <AssemblyVersion>2008.8.16.470</AssemblyVersion>
      </AssemblyInfo>
      <ReturnValue>
        <ReturnType>System.Double</ReturnType>
      </ReturnValue>
      <Docs>
        <summary>
            Gets the mean value of generated random numbers.
            </summary>
        <value>To be added.</value>
        <remarks>To be added.</remarks>
      </Docs>
    </Member>
    <Member MemberName="Median">
      <MemberSignature Language="C#" Value="public override double Median { get; }" />
      <MemberType>Property</MemberType>
      <AssemblyInfo>
        <AssemblyVersion>1.0.0.8645</AssemblyVersion>
        <AssemblyVersion>2008.8.16.470</AssemblyVersion>
      </AssemblyInfo>
      <ReturnValue>
        <ReturnType>System.Double</ReturnType>
      </ReturnValue>
      <Docs>
        <summary>
            Gets the median of generated random numbers.
            </summary>
        <value>To be added.</value>
        <remarks>To be added.</remarks>
      </Docs>
    </Member>
    <Member MemberName="Minimum">
      <MemberSignature Language="C#" Value="public override double Minimum { get; }" />
      <MemberType>Property</MemberType>
      <AssemblyInfo>
        <AssemblyVersion>1.0.0.8645</AssemblyVersion>
        <AssemblyVersion>2008.8.16.470</AssemblyVersion>
      </AssemblyInfo>
      <ReturnValue>
        <ReturnType>System.Double</ReturnType>
      </ReturnValue>
      <Docs>
        <summary>
            Gets the minimum possible value of generated random numbers.
            </summary>
        <value>To be added.</value>
        <remarks>To be added.</remarks>
      </Docs>
    </Member>
    <Member MemberName="Mu">
      <MemberSignature Language="C#" Value="public double Mu { set; get; }" />
      <MemberType>Property</MemberType>
      <AssemblyInfo>
        <AssemblyVersion>1.0.0.8645</AssemblyVersion>
        <AssemblyVersion>2008.8.16.470</AssemblyVersion>
      </AssemblyInfo>
      <ReturnValue>
        <ReturnType>System.Double</ReturnType>
      </ReturnValue>
      <Docs>
        <summary>
            Gets or sets the mu parameter.
            </summary>
        <value>To be added.</value>
        <remarks>To be added.</remarks>
      </Docs>
    </Member>
    <Member MemberName="NextDouble">
      <MemberSignature Language="C#" Value="public override double NextDouble ();" />
      <MemberType>Method</MemberType>
      <AssemblyInfo>
        <AssemblyVersion>1.0.0.8645</AssemblyVersion>
        <AssemblyVersion>2008.8.16.470</AssemblyVersion>
      </AssemblyInfo>
      <ReturnValue>
        <ReturnType>System.Double</ReturnType>
      </ReturnValue>
      <Parameters />
      <Docs>
        <summary>
            Returns a normal/gaussian distributed floating point random number.
            </summary>
        <returns>A normal distributed double-precision floating point number.</returns>
        <remarks>To be added.</remarks>
      </Docs>
    </Member>
    <Member MemberName="ProbabilityDensity">
      <MemberSignature Language="C#" Value="public override double ProbabilityDensity (double x);" />
      <MemberType>Method</MemberType>
      <AssemblyInfo>
        <AssemblyVersion>1.0.0.8645</AssemblyVersion>
        <AssemblyVersion>2008.8.16.470</AssemblyVersion>
      </AssemblyInfo>
      <ReturnValue>
        <ReturnType>System.Double</ReturnType>
      </ReturnValue>
      <Parameters>
        <Parameter Name="x" Type="System.Double" />
      </Parameters>
      <Docs>
        <param name="x">To be added.</param>
        <summary>
            Continuous probability density function (pdf) of this probability distribution.
            </summary>
        <returns>To be added.</returns>
        <remarks>To be added.</remarks>
      </Docs>
    </Member>
    <Member MemberName="RandomSource">
      <MemberSignature Language="C#" Value="public override MathNet.Numerics.RandomSources.RandomSource RandomSource { set; get; }" />
      <MemberType>Property</MemberType>
      <AssemblyInfo>
        <AssemblyVersion>1.0.0.8645</AssemblyVersion>
        <AssemblyVersion>2008.8.16.470</AssemblyVersion>
      </AssemblyInfo>
      <ReturnValue>
        <ReturnType>MathNet.Numerics.RandomSources.RandomSource</ReturnType>
      </ReturnValue>
      <Docs>
        <summary>
            Gets or sets a <see cref="P:MathNet.Numerics.Distributions.NormalDistribution.RandomSource" /> object that can be used
            as underlying random number generator.
            </summary>
        <value>To be added.</value>
        <remarks>To be added.</remarks>
      </Docs>
    </Member>
    <Member MemberName="SetDistributionParameters">
      <MemberSignature Language="C#" Value="public void SetDistributionParameters (double mu, double sigma);" />
      <MemberType>Method</MemberType>
      <AssemblyInfo>
        <AssemblyVersion>1.0.0.8645</AssemblyVersion>
        <AssemblyVersion>2008.8.16.470</AssemblyVersion>
      </AssemblyInfo>
      <ReturnValue>
        <ReturnType>System.Void</ReturnType>
      </ReturnValue>
      <Parameters>
        <Parameter Name="mu" Type="System.Double" />
        <Parameter Name="sigma" Type="System.Double" />
      </Parameters>
      <Docs>
        <param name="mu">To be added.</param>
        <param name="sigma">To be added.</param>
        <summary>
            Configure all distribution parameters.
            </summary>
        <remarks>To be added.</remarks>
      </Docs>
    </Member>
    <Member MemberName="Sigma">
      <MemberSignature Language="C#" Value="public double Sigma { set; get; }" />
      <MemberType>Property</MemberType>
      <AssemblyInfo>
        <AssemblyVersion>1.0.0.8645</AssemblyVersion>
        <AssemblyVersion>2008.8.16.470</AssemblyVersion>
      </AssemblyInfo>
      <ReturnValue>
        <ReturnType>System.Double</ReturnType>
      </ReturnValue>
      <Docs>
        <summary>
            Gets or sets the sigma (standard deviation) parameter.
            </summary>
        <value>To be added.</value>
        <remarks>To be added.</remarks>
      </Docs>
    </Member>
    <Member MemberName="Skewness">
      <MemberSignature Language="C#" Value="public override double Skewness { get; }" />
      <MemberType>Property</MemberType>
      <AssemblyInfo>
        <AssemblyVersion>1.0.0.8645</AssemblyVersion>
        <AssemblyVersion>2008.8.16.470</AssemblyVersion>
      </AssemblyInfo>
      <ReturnValue>
        <ReturnType>System.Double</ReturnType>
      </ReturnValue>
      <Docs>
        <summary>
            Gets the skewness of generated random numbers.
            </summary>
        <value>To be added.</value>
        <remarks>To be added.</remarks>
      </Docs>
    </Member>
    <Member MemberName="Variance">
      <MemberSignature Language="C#" Value="public override double Variance { get; }" />
      <MemberType>Property</MemberType>
      <AssemblyInfo>
        <AssemblyVersion>1.0.0.8645</AssemblyVersion>
        <AssemblyVersion>2008.8.16.470</AssemblyVersion>
      </AssemblyInfo>
      <ReturnValue>
        <ReturnType>System.Double</ReturnType>
      </ReturnValue>
      <Docs>
        <summary>
            Gets the variance of generated random numbers.
            </summary>
        <value>To be added.</value>
        <remarks>To be added.</remarks>
      </Docs>
    </Member>
  </Members>
</Type>
