<Type Name="PoissonDistribution" FullName="MathNet.Numerics.Distributions.PoissonDistribution">
  <TypeSignature Language="C#" Value="public sealed class PoissonDistribution : MathNet.Numerics.Distributions.DiscreteDistribution" />
  <AssemblyInfo>
    <AssemblyName>MathNet.Iridium</AssemblyName>
    <AssemblyVersion>1.0.0.8645</AssemblyVersion>
    <AssemblyVersion>2008.8.16.470</AssemblyVersion>
  </AssemblyInfo>
  <Base>
    <BaseTypeName>MathNet.Numerics.Distributions.DiscreteDistribution</BaseTypeName>
  </Base>
  <Interfaces />
  <Docs>
    <summary>
             Pseudo-random generation of poisson distributed deviates.
             </summary>
    <remarks>
      <para>For details about this distribution, see 
             <a href="http://en.wikipedia.org/wiki/Poisson_distribution">
             Wikipedia - Poisson distribution</a>.</para>
      <para>For details of the algorithm, see
             <a href="http://www.lkn.ei.tum.de/lehre/scn/cncl/doc/html/cncl_toc.html">
             Communication Networks Class Library (TU München)</a></para>
      <para>pdf: f(x) = exp(-l)*l^x/x!; l = lambda</para>
    </remarks>
  </Docs>
  <Members>
    <Member MemberName=".ctor">
      <MemberSignature Language="C#" Value="public PoissonDistribution ();" />
      <MemberType>Constructor</MemberType>
      <AssemblyInfo>
        <AssemblyVersion>1.0.0.8645</AssemblyVersion>
        <AssemblyVersion>2008.8.16.470</AssemblyVersion>
      </AssemblyInfo>
      <Parameters />
      <Docs>
        <summary>
            Initializes a new instance, using a <see cref="T:MathNet.Numerics.RandomSources.SystemRandomSource" />
            as underlying random number generator.
            </summary>
        <remarks>To be added.</remarks>
      </Docs>
    </Member>
    <Member MemberName=".ctor">
      <MemberSignature Language="C#" Value="public PoissonDistribution (MathNet.Numerics.RandomSources.RandomSource random);" />
      <MemberType>Constructor</MemberType>
      <AssemblyInfo>
        <AssemblyVersion>1.0.0.8645</AssemblyVersion>
        <AssemblyVersion>2008.8.16.470</AssemblyVersion>
      </AssemblyInfo>
      <Parameters>
        <Parameter Name="random" Type="MathNet.Numerics.RandomSources.RandomSource" />
      </Parameters>
      <Docs>
        <param name="random">A <see cref="T:MathNet.Numerics.RandomSources.RandomSource" /> object.</param>
        <summary>
            Initializes a new instance, using the specified <see cref="T:MathNet.Numerics.RandomSources.RandomSource" />
            as underlying random number generator.
            </summary>
        <remarks>To be added.</remarks>
        <exception cref="T:System.ArgumentNullException">
          <paramref name="random" /> is NULL (<see langword="Nothing" /> in Visual Basic).
            </exception>
      </Docs>
    </Member>
    <Member MemberName=".ctor">
      <MemberSignature Language="C#" Value="public PoissonDistribution (double lambda);" />
      <MemberType>Constructor</MemberType>
      <AssemblyInfo>
        <AssemblyVersion>1.0.0.8645</AssemblyVersion>
        <AssemblyVersion>2008.8.16.470</AssemblyVersion>
      </AssemblyInfo>
      <Parameters>
        <Parameter Name="lambda" Type="System.Double" />
      </Parameters>
      <Docs>
        <param name="lambda">To be added.</param>
        <summary>
            Initializes a new instance, using a <see cref="T:MathNet.Numerics.RandomSources.SystemRandomSource" />
            as underlying random number generator.
            </summary>
        <remarks>To be added.</remarks>
      </Docs>
    </Member>
    <Member MemberName="CumulativeDistribution">
      <MemberSignature Language="C#" Value="public override double CumulativeDistribution (double x);" />
      <MemberType>Method</MemberType>
      <AssemblyInfo>
        <AssemblyVersion>1.0.0.8645</AssemblyVersion>
        <AssemblyVersion>2008.8.16.470</AssemblyVersion>
      </AssemblyInfo>
      <ReturnValue>
        <ReturnType>System.Double</ReturnType>
      </ReturnValue>
      <Parameters>
        <Parameter Name="x" Type="System.Double" />
      </Parameters>
      <Docs>
        <param name="x">To be added.</param>
        <summary>
            Continuous cumulative distribution function (cdf) of this probability distribution.
            </summary>
        <returns>To be added.</returns>
        <remarks>To be added.</remarks>
      </Docs>
    </Member>
    <Member MemberName="IsValidParameterSet">
      <MemberSignature Language="C#" Value="public static bool IsValidParameterSet (double lambda);" />
      <MemberType>Method</MemberType>
      <AssemblyInfo>
        <AssemblyVersion>1.0.0.8645</AssemblyVersion>
        <AssemblyVersion>2008.8.16.470</AssemblyVersion>
      </AssemblyInfo>
      <ReturnValue>
        <ReturnType>System.Boolean</ReturnType>
      </ReturnValue>
      <Parameters>
        <Parameter Name="lambda" Type="System.Double" />
      </Parameters>
      <Docs>
        <param name="lambda">To be added.</param>
        <summary>
            Determines whether the specified parameters are valid.
            </summary>
        <returns>
          <see langword="true" /> if value is greater than 0.0; otherwise, <see langword="false" />.
            </returns>
        <remarks>To be added.</remarks>
      </Docs>
    </Member>
    <Member MemberName="Lambda">
      <MemberSignature Language="C#" Value="public double Lambda { set; get; }" />
      <MemberType>Property</MemberType>
      <AssemblyInfo>
        <AssemblyVersion>1.0.0.8645</AssemblyVersion>
        <AssemblyVersion>2008.8.16.470</AssemblyVersion>
      </AssemblyInfo>
      <ReturnValue>
        <ReturnType>System.Double</ReturnType>
      </ReturnValue>
      <Docs>
        <summary>
            Gets or sets the lambda parameter.
            </summary>
        <value>To be added.</value>
        <remarks>To be added.</remarks>
      </Docs>
    </Member>
    <Member MemberName="Maximum">
      <MemberSignature Language="C#" Value="public override int Maximum { get; }" />
      <MemberType>Property</MemberType>
      <AssemblyInfo>
        <AssemblyVersion>1.0.0.8645</AssemblyVersion>
        <AssemblyVersion>2008.8.16.470</AssemblyVersion>
      </AssemblyInfo>
      <ReturnValue>
        <ReturnType>System.Int32</ReturnType>
      </ReturnValue>
      <Docs>
        <summary>
            Gets the maximum possible value of generated random numbers.
            </summary>
        <value>To be added.</value>
        <remarks>To be added.</remarks>
      </Docs>
    </Member>
    <Member MemberName="Mean">
      <MemberSignature Language="C#" Value="public override double Mean { get; }" />
      <MemberType>Property</MemberType>
      <AssemblyInfo>
        <AssemblyVersion>1.0.0.8645</AssemblyVersion>
        <AssemblyVersion>2008.8.16.470</AssemblyVersion>
      </AssemblyInfo>
      <ReturnValue>
        <ReturnType>System.Double</ReturnType>
      </ReturnValue>
      <Docs>
        <summary>
            Gets the mean value of generated random numbers. 
            </summary>
        <value>To be added.</value>
        <remarks>To be added.</remarks>
      </Docs>
    </Member>
    <Member MemberName="Median">
      <MemberSignature Language="C#" Value="public override int Median { get; }" />
      <MemberType>Property</MemberType>
      <AssemblyInfo>
        <AssemblyVersion>1.0.0.8645</AssemblyVersion>
        <AssemblyVersion>2008.8.16.470</AssemblyVersion>
      </AssemblyInfo>
      <ReturnValue>
        <ReturnType>System.Int32</ReturnType>
      </ReturnValue>
      <Docs>
        <summary>
            Gets the median of generated random numbers.
            </summary>
        <value>To be added.</value>
        <remarks>To be added.</remarks>
      </Docs>
    </Member>
    <Member MemberName="Minimum">
      <MemberSignature Language="C#" Value="public override int Minimum { get; }" />
      <MemberType>Property</MemberType>
      <AssemblyInfo>
        <AssemblyVersion>1.0.0.8645</AssemblyVersion>
        <AssemblyVersion>2008.8.16.470</AssemblyVersion>
      </AssemblyInfo>
      <ReturnValue>
        <ReturnType>System.Int32</ReturnType>
      </ReturnValue>
      <Docs>
        <summary>
            Gets the minimum possible value of generated random numbers.
            </summary>
        <value>To be added.</value>
        <remarks>To be added.</remarks>
      </Docs>
    </Member>
    <Member MemberName="NextInt32">
      <MemberSignature Language="C#" Value="public override int NextInt32 ();" />
      <MemberType>Method</MemberType>
      <AssemblyInfo>
        <AssemblyVersion>1.0.0.8645</AssemblyVersion>
        <AssemblyVersion>2008.8.16.470</AssemblyVersion>
      </AssemblyInfo>
      <ReturnValue>
        <ReturnType>System.Int32</ReturnType>
      </ReturnValue>
      <Parameters />
      <Docs>
        <summary>
            Returns a poisson distributed random number.
            </summary>
        <returns>A poisson distributed 32-bit signed integer.</returns>
        <remarks>To be added.</remarks>
      </Docs>
    </Member>
    <Member MemberName="ProbabilityMass">
      <MemberSignature Language="C#" Value="public override double ProbabilityMass (int x);" />
      <MemberType>Method</MemberType>
      <AssemblyInfo>
        <AssemblyVersion>1.0.0.8645</AssemblyVersion>
        <AssemblyVersion>2008.8.16.470</AssemblyVersion>
      </AssemblyInfo>
      <ReturnValue>
        <ReturnType>System.Double</ReturnType>
      </ReturnValue>
      <Parameters>
        <Parameter Name="x" Type="System.Int32" />
      </Parameters>
      <Docs>
        <param name="x">To be added.</param>
        <summary>
            Discrete probability mass function (pmf) of this probability distribution.
            </summary>
        <returns>To be added.</returns>
        <remarks>To be added.</remarks>
      </Docs>
    </Member>
    <Member MemberName="SetDistributionParameters">
      <MemberSignature Language="C#" Value="public void SetDistributionParameters (double lambda);" />
      <MemberType>Method</MemberType>
      <AssemblyInfo>
        <AssemblyVersion>1.0.0.8645</AssemblyVersion>
        <AssemblyVersion>2008.8.16.470</AssemblyVersion>
      </AssemblyInfo>
      <ReturnValue>
        <ReturnType>System.Void</ReturnType>
      </ReturnValue>
      <Parameters>
        <Parameter Name="lambda" Type="System.Double" />
      </Parameters>
      <Docs>
        <param name="lambda">To be added.</param>
        <summary>
            Configure all distribution parameters.
            </summary>
        <remarks>To be added.</remarks>
      </Docs>
    </Member>
    <Member MemberName="Skewness">
      <MemberSignature Language="C#" Value="public override double Skewness { get; }" />
      <MemberType>Property</MemberType>
      <AssemblyInfo>
        <AssemblyVersion>1.0.0.8645</AssemblyVersion>
        <AssemblyVersion>2008.8.16.470</AssemblyVersion>
      </AssemblyInfo>
      <ReturnValue>
        <ReturnType>System.Double</ReturnType>
      </ReturnValue>
      <Docs>
        <summary>
            Gets the skewness of generated random numbers.
            </summary>
        <value>To be added.</value>
        <remarks>To be added.</remarks>
      </Docs>
    </Member>
    <Member MemberName="Variance">
      <MemberSignature Language="C#" Value="public override double Variance { get; }" />
      <MemberType>Property</MemberType>
      <AssemblyInfo>
        <AssemblyVersion>1.0.0.8645</AssemblyVersion>
        <AssemblyVersion>2008.8.16.470</AssemblyVersion>
      </AssemblyInfo>
      <ReturnValue>
        <ReturnType>System.Double</ReturnType>
      </ReturnValue>
      <Docs>
        <summary>
            Gets the variance of generated random numbers.
            </summary>
        <value>To be added.</value>
        <remarks>To be added.</remarks>
      </Docs>
    </Member>
  </Members>
</Type>
