<Type Name="TriangularDistribution" FullName="MathNet.Numerics.Distributions.TriangularDistribution">
  <TypeSignature Language="C#" Value="public sealed class TriangularDistribution : MathNet.Numerics.Distributions.ContinuousDistribution" />
  <AssemblyInfo>
    <AssemblyName>MathNet.Iridium</AssemblyName>
    <AssemblyVersion>1.0.0.8645</AssemblyVersion>
    <AssemblyVersion>2008.8.16.470</AssemblyVersion>
  </AssemblyInfo>
  <Base>
    <BaseTypeName>MathNet.Numerics.Distributions.ContinuousDistribution</BaseTypeName>
  </Base>
  <Interfaces />
  <Docs>
    <summary>
            Provides generation of triangular distributed random numbers.
            </summary>
    <remarks>
            The implementation of the <see cref="T:MathNet.Numerics.Distributions.TriangularDistribution" /> type bases upon information presented on
              <a href="http://en.wikipedia.org/wiki/Triangular_distribution">Wikipedia - Triangular distribution</a>
              and the implementation in the <a href="http://www.boost.org/libs/random/index.html">Boost Random Number Library</a>.
            </remarks>
  </Docs>
  <Members>
    <Member MemberName=".ctor">
      <MemberSignature Language="C#" Value="public TriangularDistribution ();" />
      <MemberType>Constructor</MemberType>
      <AssemblyInfo>
        <AssemblyVersion>1.0.0.8645</AssemblyVersion>
        <AssemblyVersion>2008.8.16.470</AssemblyVersion>
      </AssemblyInfo>
      <Parameters />
      <Docs>
        <summary>
            Initializes a new instance, using a <see cref="T:MathNet.Numerics.RandomSources.SystemRandomSource" />
            as underlying random number generator.
            </summary>
        <remarks>To be added.</remarks>
      </Docs>
    </Member>
    <Member MemberName=".ctor">
      <MemberSignature Language="C#" Value="public TriangularDistribution (MathNet.Numerics.RandomSources.RandomSource random);" />
      <MemberType>Constructor</MemberType>
      <AssemblyInfo>
        <AssemblyVersion>1.0.0.8645</AssemblyVersion>
        <AssemblyVersion>2008.8.16.470</AssemblyVersion>
      </AssemblyInfo>
      <Parameters>
        <Parameter Name="random" Type="MathNet.Numerics.RandomSources.RandomSource" />
      </Parameters>
      <Docs>
        <param name="random">A <see cref="T:MathNet.Numerics.RandomSources.RandomSource" /> object.</param>
        <summary>
            Initializes a new instance, using the specified <see cref="T:MathNet.Numerics.RandomSources.RandomSource" />
            as underlying random number generator.
            </summary>
        <remarks>To be added.</remarks>
        <exception cref="T:System.ArgumentNullException">
          <paramref name="random" /> is NULL (<see langword="Nothing" /> in Visual Basic).
            </exception>
      </Docs>
    </Member>
    <Member MemberName=".ctor">
      <MemberSignature Language="C#" Value="public TriangularDistribution (double lowerLimit, double upperLimit, double center);" />
      <MemberType>Constructor</MemberType>
      <AssemblyInfo>
        <AssemblyVersion>1.0.0.8645</AssemblyVersion>
        <AssemblyVersion>2008.8.16.470</AssemblyVersion>
      </AssemblyInfo>
      <Parameters>
        <Parameter Name="lowerLimit" Type="System.Double" />
        <Parameter Name="upperLimit" Type="System.Double" />
        <Parameter Name="center" Type="System.Double" />
      </Parameters>
      <Docs>
        <param name="lowerLimit">To be added.</param>
        <param name="upperLimit">To be added.</param>
        <param name="center">To be added.</param>
        <summary>
            Initializes a new instance, using a <see cref="T:MathNet.Numerics.RandomSources.SystemRandomSource" />
            as underlying random number generator.
            </summary>
        <remarks>To be added.</remarks>
      </Docs>
    </Member>
    <Member MemberName="Center">
      <MemberSignature Language="C#" Value="public double Center { set; get; }" />
      <MemberType>Property</MemberType>
      <AssemblyInfo>
        <AssemblyVersion>1.0.0.8645</AssemblyVersion>
        <AssemblyVersion>2008.8.16.470</AssemblyVersion>
      </AssemblyInfo>
      <ReturnValue>
        <ReturnType>System.Double</ReturnType>
      </ReturnValue>
      <Docs>
        <summary>
            Gets or sets the center parameter.
            To set all parameters at once consider using
            <see cref="M:MathNet.Numerics.Distributions.TriangularDistribution.SetDistributionParameters(System.Double,System.Double,System.Double)" /> instead.
            </summary>
        <value>To be added.</value>
        <remarks>To be added.</remarks>
      </Docs>
    </Member>
    <Member MemberName="CumulativeDistribution">
      <MemberSignature Language="C#" Value="public override double CumulativeDistribution (double x);" />
      <MemberType>Method</MemberType>
      <AssemblyInfo>
        <AssemblyVersion>1.0.0.8645</AssemblyVersion>
        <AssemblyVersion>2008.8.16.470</AssemblyVersion>
      </AssemblyInfo>
      <ReturnValue>
        <ReturnType>System.Double</ReturnType>
      </ReturnValue>
      <Parameters>
        <Parameter Name="x" Type="System.Double" />
      </Parameters>
      <Docs>
        <param name="x">To be added.</param>
        <summary>
            Continuous cumulative distribution function (cdf) of this probability distribution.
            </summary>
        <returns>To be added.</returns>
        <remarks>To be added.</remarks>
      </Docs>
    </Member>
    <Member MemberName="IsValidParameterSet">
      <MemberSignature Language="C#" Value="public static bool IsValidParameterSet (double lowerLimit, double upperLimit, double center);" />
      <MemberType>Method</MemberType>
      <AssemblyInfo>
        <AssemblyVersion>1.0.0.8645</AssemblyVersion>
        <AssemblyVersion>2008.8.16.470</AssemblyVersion>
      </AssemblyInfo>
      <ReturnValue>
        <ReturnType>System.Boolean</ReturnType>
      </ReturnValue>
      <Parameters>
        <Parameter Name="lowerLimit" Type="System.Double" />
        <Parameter Name="upperLimit" Type="System.Double" />
        <Parameter Name="center" Type="System.Double" />
      </Parameters>
      <Docs>
        <param name="lowerLimit">To be added.</param>
        <param name="upperLimit">To be added.</param>
        <param name="center">To be added.</param>
        <summary>
            Determines whether the specified parameters is valid.
            </summary>
        <returns>
          <see langword="true" /> if both shape and rate are greater than 0.0; otherwise, <see langword="false" />.
            </returns>
        <remarks>To be added.</remarks>
      </Docs>
    </Member>
    <Member MemberName="LowerLimit">
      <MemberSignature Language="C#" Value="public double LowerLimit { set; get; }" />
      <MemberType>Property</MemberType>
      <AssemblyInfo>
        <AssemblyVersion>1.0.0.8645</AssemblyVersion>
        <AssemblyVersion>2008.8.16.470</AssemblyVersion>
      </AssemblyInfo>
      <ReturnValue>
        <ReturnType>System.Double</ReturnType>
      </ReturnValue>
      <Docs>
        <summary>
            Gets or sets the lower limit parameter.
            To set all parameters at once consider using
            <see cref="M:MathNet.Numerics.Distributions.TriangularDistribution.SetDistributionParameters(System.Double,System.Double,System.Double)" /> instead.
            </summary>
        <value>To be added.</value>
        <remarks>To be added.</remarks>
      </Docs>
    </Member>
    <Member MemberName="Maximum">
      <MemberSignature Language="C#" Value="public override double Maximum { get; }" />
      <MemberType>Property</MemberType>
      <AssemblyInfo>
        <AssemblyVersion>1.0.0.8645</AssemblyVersion>
        <AssemblyVersion>2008.8.16.470</AssemblyVersion>
      </AssemblyInfo>
      <ReturnValue>
        <ReturnType>System.Double</ReturnType>
      </ReturnValue>
      <Docs>
        <summary>
            Gets the maximum possible value of generated random numbers.
            </summary>
        <value>To be added.</value>
        <remarks>To be added.</remarks>
      </Docs>
    </Member>
    <Member MemberName="Mean">
      <MemberSignature Language="C#" Value="public override double Mean { get; }" />
      <MemberType>Property</MemberType>
      <AssemblyInfo>
        <AssemblyVersion>1.0.0.8645</AssemblyVersion>
        <AssemblyVersion>2008.8.16.470</AssemblyVersion>
      </AssemblyInfo>
      <ReturnValue>
        <ReturnType>System.Double</ReturnType>
      </ReturnValue>
      <Docs>
        <summary>
            Gets the mean value of generated random numbers.
            </summary>
        <value>To be added.</value>
        <remarks>To be added.</remarks>
      </Docs>
    </Member>
    <Member MemberName="Median">
      <MemberSignature Language="C#" Value="public override double Median { get; }" />
      <MemberType>Property</MemberType>
      <AssemblyInfo>
        <AssemblyVersion>1.0.0.8645</AssemblyVersion>
        <AssemblyVersion>2008.8.16.470</AssemblyVersion>
      </AssemblyInfo>
      <ReturnValue>
        <ReturnType>System.Double</ReturnType>
      </ReturnValue>
      <Docs>
        <summary>
            Gets the median of generated random numbers.
            </summary>
        <value>To be added.</value>
        <remarks>To be added.</remarks>
      </Docs>
    </Member>
    <Member MemberName="Minimum">
      <MemberSignature Language="C#" Value="public override double Minimum { get; }" />
      <MemberType>Property</MemberType>
      <AssemblyInfo>
        <AssemblyVersion>1.0.0.8645</AssemblyVersion>
        <AssemblyVersion>2008.8.16.470</AssemblyVersion>
      </AssemblyInfo>
      <ReturnValue>
        <ReturnType>System.Double</ReturnType>
      </ReturnValue>
      <Docs>
        <summary>
            Gets the minimum possible value of generated random numbers.
            </summary>
        <value>To be added.</value>
        <remarks>To be added.</remarks>
      </Docs>
    </Member>
    <Member MemberName="NextDouble">
      <MemberSignature Language="C#" Value="public override double NextDouble ();" />
      <MemberType>Method</MemberType>
      <AssemblyInfo>
        <AssemblyVersion>1.0.0.8645</AssemblyVersion>
        <AssemblyVersion>2008.8.16.470</AssemblyVersion>
      </AssemblyInfo>
      <ReturnValue>
        <ReturnType>System.Double</ReturnType>
      </ReturnValue>
      <Parameters />
      <Docs>
        <summary>
            Returns a triangular distributed floating point random number.
            </summary>
        <returns>A triangular distributed double-precision floating point number.</returns>
        <remarks>To be added.</remarks>
      </Docs>
    </Member>
    <Member MemberName="ProbabilityDensity">
      <MemberSignature Language="C#" Value="public override double ProbabilityDensity (double x);" />
      <MemberType>Method</MemberType>
      <AssemblyInfo>
        <AssemblyVersion>1.0.0.8645</AssemblyVersion>
        <AssemblyVersion>2008.8.16.470</AssemblyVersion>
      </AssemblyInfo>
      <ReturnValue>
        <ReturnType>System.Double</ReturnType>
      </ReturnValue>
      <Parameters>
        <Parameter Name="x" Type="System.Double" />
      </Parameters>
      <Docs>
        <param name="x">To be added.</param>
        <summary>
            Continuous probability density function (pdf) of this probability distribution.
            </summary>
        <returns>To be added.</returns>
        <remarks>To be added.</remarks>
      </Docs>
    </Member>
    <Member MemberName="SetDistributionParameters">
      <MemberSignature Language="C#" Value="public void SetDistributionParameters (double lowerLimit, double upperLimit, double center);" />
      <MemberType>Method</MemberType>
      <AssemblyInfo>
        <AssemblyVersion>1.0.0.8645</AssemblyVersion>
        <AssemblyVersion>2008.8.16.470</AssemblyVersion>
      </AssemblyInfo>
      <ReturnValue>
        <ReturnType>System.Void</ReturnType>
      </ReturnValue>
      <Parameters>
        <Parameter Name="lowerLimit" Type="System.Double" />
        <Parameter Name="upperLimit" Type="System.Double" />
        <Parameter Name="center" Type="System.Double" />
      </Parameters>
      <Docs>
        <param name="lowerLimit">To be added.</param>
        <param name="upperLimit">To be added.</param>
        <param name="center">To be added.</param>
        <summary>
            Configure all distribution parameters.
            </summary>
        <remarks>To be added.</remarks>
      </Docs>
    </Member>
    <Member MemberName="Skewness">
      <MemberSignature Language="C#" Value="public override double Skewness { get; }" />
      <MemberType>Property</MemberType>
      <AssemblyInfo>
        <AssemblyVersion>1.0.0.8645</AssemblyVersion>
        <AssemblyVersion>2008.8.16.470</AssemblyVersion>
      </AssemblyInfo>
      <ReturnValue>
        <ReturnType>System.Double</ReturnType>
      </ReturnValue>
      <Docs>
        <summary>
            Gets the skewness of generated random numbers.
            </summary>
        <value>To be added.</value>
        <remarks>To be added.</remarks>
      </Docs>
    </Member>
    <Member MemberName="UpperLimit">
      <MemberSignature Language="C#" Value="public double UpperLimit { set; get; }" />
      <MemberType>Property</MemberType>
      <AssemblyInfo>
        <AssemblyVersion>1.0.0.8645</AssemblyVersion>
        <AssemblyVersion>2008.8.16.470</AssemblyVersion>
      </AssemblyInfo>
      <ReturnValue>
        <ReturnType>System.Double</ReturnType>
      </ReturnValue>
      <Docs>
        <summary>
            Gets or sets the upper limit parameter.
            To set all parameters at once consider using
            <see cref="M:MathNet.Numerics.Distributions.TriangularDistribution.SetDistributionParameters(System.Double,System.Double,System.Double)" /> instead.
            </summary>
        <value>To be added.</value>
        <remarks>To be added.</remarks>
      </Docs>
    </Member>
    <Member MemberName="Variance">
      <MemberSignature Language="C#" Value="public override double Variance { get; }" />
      <MemberType>Property</MemberType>
      <AssemblyInfo>
        <AssemblyVersion>1.0.0.8645</AssemblyVersion>
        <AssemblyVersion>2008.8.16.470</AssemblyVersion>
      </AssemblyInfo>
      <ReturnValue>
        <ReturnType>System.Double</ReturnType>
      </ReturnValue>
      <Docs>
        <summary>
            Gets the variance of generated random numbers.
            </summary>
        <value>To be added.</value>
        <remarks>To be added.</remarks>
      </Docs>
    </Member>
  </Members>
</Type>
