﻿<?xml version="1.0" encoding="utf-8"?>
<RBDProject ID="G1" Name="General System">
  <Pages>
    <Page ID="P1" >
      <Block ID="G8">
        <Block ID="G9" />
      </Block>
      <Block ID="G9">
        <Page ID="P2"/>
      </Block>
      <Page ID="P2" >
        <Logic ID="O1"/>
      </Page>
      <Logic ID="O1" />
    </Page>
    <Page ID="P2">
      <Block ID="G6">
        <Block ID="G3" />
        <Block ID="G4" />
        <Block ID="G7" />
      </Block>
      <Block ID="G3">
        <Logic ID="O2" />
      </Block>
      <Block ID="G4" >
        <Logic ID="O2" />
      </Block>
      <Block ID="G7" >
        <Logic ID="O2"/>
      </Block>
      <Logic ID="O2" />
    </Page>
  </Pages>
  <Nodes>
    <Page ID="P1" Name="System" Probability=""/>
    <Block ID="G8" Name="BLOCKG8" Probability="0.799"/>
    <Block ID="G9" Name="BLOCKG9" Probability="0.799"/>
    <Logic ID="O1" VoteNum="1" Probability="" />
    <Page ID="P2" Name="Sub System" Probability="" />
    <Block ID="G6" Name="BLOCKG6" Probability="0.799"/>
    <Block ID="G3" Name="BLOCKG3" Probability="0.799"/>
    <Block ID="G4" Name="BLOCKG4" Probability="0.799"/>
    <Block ID="G7" Name="BLOCKG5" Probability="0.799"/>
    <Logic ID="O2" VoteNum="2" Probability="" />
  </Nodes>
</RBDProject>



<?xml version="1.0" encoding="utf-8"?>
<RBDProject ID="G1" Name="General System">
  <Pages>
    <Page ID="P1">
      <Block ID="B1" i="1">
        <Block ID="B2" />
      </Block>
      <Block ID="B2">
        <Block ID="B3"/>
        <Block ID="B1" i="2"/>
      </Block>
      <Block ID="B3">
        <Logic ID="O1"/>
      </Block>
      <Page ID="B1" i="2">
        <Logic ID="O1"/>
      </Page>
      <Logic ID="O1" />
    </Page>
  </Pages>
  <Nodes>
    <Page ID="P1" Name="System" Probability=""/>
    <Block ID="B1" Name="BLOCKG1" Duplicates="2" Probability="0.799"/>
    <Block ID="B2" Name="BLOCKG2" Probability="0.799"/>
    <Block ID="B3" Name="BLOCKG3" Probability="0.799"/>
    <Logic ID="O1" VoteNum="1" Probability="" />
  </Nodes>
</RBDProject>

<?xml version="1.0" encoding="utf-8"?>
<RBDProject ID="G1" Name="General System">
  <Pages>
    <Page ID="P1">
      <Page ID="P2" i="1">
        <Block ID="B2" />
      </Page>
      <Block ID="B2">
        <Block ID="B3"/>
        <Page ID="P2" i="2"/>
      </Block>
      <Block ID="B3">
        <Logic ID="O1"/>
      </Block>
      <Page ID="P2" i="2">
        <Logic ID="O1"/>
      </Page>
      <Logic ID="O1" />
    </Page>
    <Page ID="P2">
      <Block ID="B4">
        <Logic ID="O2"/>
      </Block>
      <Logic ID="O2"/>
    </Page>
  </Pages>
  <Nodes>
    <Page ID="P1" Name="System" Probability=""/>
    <Page ID="P2" Name="System1" Probability=""/>
    <Block ID="B1" Name="BLOCKG1" Duplicates="2" Probability="0.799"/>
    <Block ID="B2" Name="BLOCKG2" Probability="0.799"/>
    <Block ID="B3" Name="BLOCKG3" Probability="0.799"/>
    <Block ID="B4" Name="BLOCKG3" Probability="0.799"/>
    <Logic ID="O1" VoteNum="1" Probability="" />
    <Logic ID="O2" VoteNum="1" Probability="" />
  </Nodes>
</RBDProject>