﻿<?xml version="1.0" ?>
<!DOCTYPE open-psa>
<open-psa>
  <define-fault-tree name="r1">
    <define-gate name="r1">
      <and>
        <event name="g1" />
        <event name="g2" />
        <event name="g3" />
      </and>
    </define-gate>
    <define-gate name="g1">
      <or>
        <event name="g4" />
        <event name="g5" />
        <event name="g37" />
        <event name="e1" />
      </or>
    </define-gate>
    <define-gate name="g2">
      <or>
        <event name="g25" />
        <event name="g26" />
        <event name="g27" />
      </or>
    </define-gate>
    <define-gate name="g3">
      <or>
        <event name="g4" />
        <event name="g5" />
        <event name="g6" />
        <event name="e1" />
      </or>
    </define-gate>
    <define-gate name="g4">
      <atleast min="3" >
        <event name="g60" />
        <event name="g61" />
        <event name="g62" />
        <event name="g63" />
      </atleast>
    </define-gate>
    <define-gate name="g5">
      <atleast min="3" >
        <event name="g56" />
        <event name="g57" />
        <event name="g58" />
        <event name="g59" />
      </atleast>
    </define-gate>
    <define-gate name="g6">
      <and>
        <event name="g7" />
        <event name="g8" />
        <event name="g9" />
        <event name="g10" />
      </and>
    </define-gate>
    <define-gate name="g7">
      <or>
        <event name="g22" />
        <event name="g23" />
        <event name="g17" />
        <event name="g24" />
        <event name="e5" />
      </or>
    </define-gate>
    <define-gate name="g8">
      <or>
        <event name="g19" />
        <event name="g20" />
        <event name="g13" />
        <event name="g21" />
        <event name="e4" />
      </or>
    </define-gate>
    <define-gate name="g9">
      <or>
        <event name="g15" />
        <event name="g16" />
        <event name="g17" />
        <event name="g18" />
        <event name="e3" />
      </or>
    </define-gate>
    <define-gate name="g10">
      <or>
        <event name="g11" />
        <event name="g12" />
        <event name="g13" />
        <event name="g14" />
        <event name="e2" />
      </or>
    </define-gate>
    <define-gate name="g11">
      <and>
        <event name="e53" />
        <event name="e58" />
      </and>
    </define-gate>
    <define-gate name="g12">
      <and>
        <event name="e53" />
        <event name="e54" />
      </and>
    </define-gate>
    <define-gate name="g13">
      <or>
        <event name="g46" />
        <event name="e15" />
      </or>
    </define-gate>
    <define-gate name="g14">
      <or>
        <event name="g11" />
        <event name="g32" />
        <event name="e10" />
      </or>
    </define-gate>
    <define-gate name="g15">
      <and>
        <event name="e53" />
        <event name="e59" />
      </and>
    </define-gate>
    <define-gate name="g16">
      <and>
        <event name="e53" />
        <event name="e56" />
      </and>
    </define-gate>
    <define-gate name="g17">
      <or>
        <event name="g47" />
        <event name="e16" />
      </or>
    </define-gate>
    <define-gate name="g18">
      <or>
        <event name="g15" />
        <event name="g33" />
        <event name="e11" />
      </or>
    </define-gate>
    <define-gate name="g19">
      <and>
        <event name="e53" />
        <event name="e60" />
      </and>
    </define-gate>
    <define-gate name="g20">
      <and>
        <event name="e53" />
        <event name="e55" />
      </and>
    </define-gate>
    <define-gate name="g21">
      <or>
        <event name="g19" />
        <event name="g32" />
        <event name="e12" />
      </or>
    </define-gate>
    <define-gate name="g22">
      <and>
        <event name="e53" />
        <event name="e61" />
      </and>
    </define-gate>
    <define-gate name="g23">
      <and>
        <event name="e53" />
        <event name="e57" />
      </and>
    </define-gate>
    <define-gate name="g24">
      <or>
        <event name="g22" />
        <event name="g33" />
        <event name="e13" />
      </or>
    </define-gate>
    <define-gate name="g25">
      <atleast min="3" >
        <event name="g80" />
        <event name="g81" />
        <event name="g82" />
        <event name="g83" />
      </atleast>
    </define-gate>
    <define-gate name="g26">
      <or>
        <event name="g44" />
        <event name="g45" />
        <event name="e14" />
      </or>
    </define-gate>
    <define-gate name="g27">
      <atleast min="3" >
        <event name="g28" />
        <event name="g29" />
        <event name="g30" />
        <event name="g31" />
      </atleast>
    </define-gate>
    <define-gate name="g28">
      <or>
        <event name="g22" />
        <event name="g24" />
        <event name="e9" />
      </or>
    </define-gate>
    <define-gate name="g29">
      <or>
        <event name="g19" />
        <event name="g21" />
        <event name="e8" />
      </or>
    </define-gate>
    <define-gate name="g30">
      <or>
        <event name="g15" />
        <event name="g18" />
        <event name="e7" />
      </or>
    </define-gate>
    <define-gate name="g31">
      <or>
        <event name="g11" />
        <event name="g14" />
        <event name="e6" />
      </or>
    </define-gate>
    <define-gate name="g32">
      <and>
        <event name="g34" />
        <event name="g35" />
      </and>
    </define-gate>
    <define-gate name="g33">
      <and>
        <event name="g36" />
        <event name="g35" />
      </and>
    </define-gate>
    <define-gate name="g34">
      <and>
        <event name="g48" />
        <event name="g49" />
      </and>
    </define-gate>
    <define-gate name="g35">
      <or>
        <event name="g42" />
        <event name="g43" />
      </or>
    </define-gate>
    <define-gate name="g36">
      <and>
        <event name="g50" />
        <event name="g51" />
      </and>
    </define-gate>
    <define-gate name="g37">
      <atleast min="2" >
        <event name="g38" />
        <event name="g39" />
        <event name="g40" />
        <event name="g41" />
      </atleast>
    </define-gate>
    <define-gate name="g38">
      <or>
        <event name="g23" />
        <event name="g17" />
        <event name="e5" />
      </or>
    </define-gate>
    <define-gate name="g39">
      <or>
        <event name="g16" />
        <event name="g17" />
        <event name="e3" />
      </or>
    </define-gate>
    <define-gate name="g40">
      <or>
        <event name="g20" />
        <event name="g13" />
        <event name="e4" />
      </or>
    </define-gate>
    <define-gate name="g41">
      <or>
        <event name="g12" />
        <event name="g13" />
        <event name="e2" />
      </or>
    </define-gate>
    <define-gate name="g42">
      <atleast min="3" >
        <event name="g68" />
        <event name="g69" />
        <event name="g70" />
        <event name="g71" />
      </atleast>
    </define-gate>
    <define-gate name="g43">
      <atleast min="3" >
        <event name="g64" />
        <event name="g65" />
        <event name="g66" />
        <event name="g67" />
      </atleast>
    </define-gate>
    <define-gate name="g44">
      <atleast min="3" >
        <event name="g76" />
        <event name="g77" />
        <event name="g78" />
        <event name="g79" />
      </atleast>
    </define-gate>
    <define-gate name="g45">
      <atleast min="3" >
        <event name="g72" />
        <event name="g73" />
        <event name="g74" />
        <event name="g75" />
      </atleast>
    </define-gate>
    <define-gate name="g46">
      <and>
        <event name="g52" />
        <event name="g53" />
      </and>
    </define-gate>
    <define-gate name="g47">
      <and>
        <event name="g54" />
        <event name="g55" />
      </and>
    </define-gate>
    <define-gate name="g48">
      <or>
        <event name="g20" />
        <event name="e19" />
      </or>
    </define-gate>
    <define-gate name="g49">
      <or>
        <event name="g12" />
        <event name="e17" />
      </or>
    </define-gate>
    <define-gate name="g50">
      <or>
        <event name="g23" />
        <event name="e20" />
      </or>
    </define-gate>
    <define-gate name="g51">
      <or>
        <event name="g16" />
        <event name="e18" />
      </or>
    </define-gate>
    <define-gate name="g52">
      <or>
        <event name="g20" />
        <event name="e31" />
      </or>
    </define-gate>
    <define-gate name="g53">
      <or>
        <event name="g12" />
        <event name="e29" />
      </or>
    </define-gate>
    <define-gate name="g54">
      <or>
        <event name="g23" />
        <event name="e32" />
      </or>
    </define-gate>
    <define-gate name="g55">
      <or>
        <event name="g16" />
        <event name="e30" />
      </or>
    </define-gate>
    <define-gate name="g56">
      <or>
        <event name="g23" />
        <event name="e24" />
      </or>
    </define-gate>
    <define-gate name="g57">
      <or>
        <event name="g20" />
        <event name="e23" />
      </or>
    </define-gate>
    <define-gate name="g58">
      <or>
        <event name="g16" />
        <event name="e22" />
      </or>
    </define-gate>
    <define-gate name="g59">
      <or>
        <event name="g12" />
        <event name="e21" />
      </or>
    </define-gate>
    <define-gate name="g60">
      <or>
        <event name="g23" />
        <event name="e28" />
      </or>
    </define-gate>
    <define-gate name="g61">
      <or>
        <event name="g20" />
        <event name="e27" />
      </or>
    </define-gate>
    <define-gate name="g62">
      <or>
        <event name="g16" />
        <event name="e26" />
      </or>
    </define-gate>
    <define-gate name="g63">
      <or>
        <event name="g12" />
        <event name="e25" />
      </or>
    </define-gate>
    <define-gate name="g64">
      <or>
        <event name="g22" />
        <event name="e36" />
      </or>
    </define-gate>
    <define-gate name="g65">
      <or>
        <event name="g19" />
        <event name="e35" />
      </or>
    </define-gate>
    <define-gate name="g66">
      <or>
        <event name="g15" />
        <event name="e34" />
      </or>
    </define-gate>
    <define-gate name="g67">
      <or>
        <event name="g11" />
        <event name="e33" />
      </or>
    </define-gate>
    <define-gate name="g68">
      <or>
        <event name="g22" />
        <event name="e40" />
      </or>
    </define-gate>
    <define-gate name="g69">
      <or>
        <event name="g19" />
        <event name="e39" />
      </or>
    </define-gate>
    <define-gate name="g70">
      <or>
        <event name="g15" />
        <event name="e38" />
      </or>
    </define-gate>
    <define-gate name="g71">
      <or>
        <event name="g11" />
        <event name="e37" />
      </or>
    </define-gate>
    <define-gate name="g72">
      <or>
        <event name="g22" />
        <event name="e44" />
      </or>
    </define-gate>
    <define-gate name="g73">
      <or>
        <event name="g19" />
        <event name="e43" />
      </or>
    </define-gate>
    <define-gate name="g74">
      <or>
        <event name="g15" />
        <event name="e42" />
      </or>
    </define-gate>
    <define-gate name="g75">
      <or>
        <event name="g11" />
        <event name="e41" />
      </or>
    </define-gate>
    <define-gate name="g76">
      <or>
        <event name="g22" />
        <event name="e48" />
      </or>
    </define-gate>
    <define-gate name="g77">
      <or>
        <event name="g19" />
        <event name="e47" />
      </or>
    </define-gate>
    <define-gate name="g78">
      <or>
        <event name="g15" />
        <event name="e46" />
      </or>
    </define-gate>
    <define-gate name="g79">
      <or>
        <event name="g11" />
        <event name="e45" />
      </or>
    </define-gate>
    <define-gate name="g80">
      <or>
        <event name="g22" />
        <event name="e52" />
      </or>
    </define-gate>
    <define-gate name="g81">
      <or>
        <event name="g19" />
        <event name="e51" />
      </or>
    </define-gate>
    <define-gate name="g82">
      <or>
        <event name="g15" />
        <event name="e50" />
      </or>
    </define-gate>
    <define-gate name="g83">
      <or>
        <event name="g11" />
        <event name="e49" />
      </or>
    </define-gate>
  </define-fault-tree>
</open-psa>
