﻿<GoProject Index="11" ProjectID="a2c45596-0f37-45e8-9140-4fb444dd49d5" HardwareID="00000000-0000-0000-0000-000000000000" Name="可靠性建模测试">
  <Group>
    <ChildNodeCollection>
      <Operator Identifier="1f659b61-49a6-4728-acda-87f08a9ac180" TypeCode="1" LocationX="330" LocationY="215" OperatorDisplayName="X0" IsVisualTreeNode="true">
        <PortCollection>
          <NodePort Identifier="f318989e-cd1e-4639-a268-71fee316fa7a" PortType="0" PortName="输入端口" Sort="0" PortDirection="0" IsMainPort="false" />
          <NodePort Identifier="68c97520-7070-43c2-be3a-8ae32c34e67c" PortType="1" PortName="输出端口" Sort="0" PortDirection="2" IsMainPort="false" />
        </PortCollection>
        <StateCollection>
          <State StateValue="1" StateDesc="成功" Probability="0.8" />
          <State StateValue="2" StateDesc="失败" Probability="0.2" />
        </StateCollection>
      </Operator>
      <Operator Identifier="290051c3-780e-4898-89de-bbdc35f6c077" TypeCode="1" LocationX="330" LocationY="380" OperatorDisplayName="X1" IsVisualTreeNode="true">
        <PortCollection>
          <NodePort Identifier="f318989e-cd1e-4639-a268-71fee316fa7a" PortType="0" PortName="输入端口" Sort="0" PortDirection="0" IsMainPort="false" />
          <NodePort Identifier="68c97520-7070-43c2-be3a-8ae32c34e67c" PortType="1" PortName="输出端口" Sort="0" PortDirection="2" IsMainPort="false" />
        </PortCollection>
        <StateCollection>
          <State StateValue="1" StateDesc="成功" Probability="0.7" />
          <State StateValue="2" StateDesc="失败" Probability="0.3" />
        </StateCollection>
      </Operator>
      <Operator Identifier="7fc1883e-3526-4c97-a0c0-c0aec5cf9f0b" TypeCode="2" LocationX="595" LocationY="315" OperatorDisplayName="X2" IsVisualTreeNode="true">
        <PortCollection>
          <NodePort Identifier="fef75157-87c1-47bf-8369-beae7645a6b0" PortType="0" PortName="主输入端口" Sort="0" PortDirection="0" IsMainPort="false" />
          <NodePort Identifier="fde69bdc-a03f-4dba-9aed-88dbddd169bf" PortType="1" PortName="次输入端口" Sort="0" PortDirection="2" IsMainPort="false" />
        </PortCollection>
      </Operator>
      <Operator Identifier="36539454-3b99-4994-9198-e49f86813e21" TypeCode="5" LocationX="60" LocationY="305" OperatorDisplayName="X3" IsVisualTreeNode="true">
        <PortCollection>
          <NodePort Identifier="65b92d58-c78f-498e-a437-89a70921b130" PortType="1" PortName="输出端口" Sort="0" PortDirection="2" IsMainPort="false" />
        </PortCollection>
        <StateCollection>
          <State StateValue="1" StateDesc="成功" Probability="0.7" />
          <State StateValue="2" StateDesc="失败" Probability="0.3" />
        </StateCollection>
      </Operator>
      <Operator Identifier="59bb4dcf-8503-4bb5-ba85-88d8e773c8f5" TypeCode="20" LocationX="830" LocationY="415" OperatorDisplayName="X4" IsVisualTreeNode="true">
        <PortCollection>
          <NodePort Identifier="ef8e598d-5ce6-48cd-abce-6a78074f5513" PortType="0" PortName="新建端口" Sort="0" PortDirection="0" IsMainPort="false" />
          <NodePort Identifier="d9196d71-58cd-412e-aaf4-ab92e1e61a3c" PortType="0" PortName="新建端口" Sort="1" PortDirection="0" IsMainPort="false" />
          <NodePort Identifier="82dd2d67-4690-49fb-8d74-e1bba10c6d66" PortType="1" PortName="新建端口" Sort="0" PortDirection="2" IsMainPort="false" />
          <NodePort Identifier="a4fffea1-f596-4ff2-8f8c-10eb75d0f413" PortType="1" PortName="新建端口" Sort="1" PortDirection="2" IsMainPort="false" />
        </PortCollection>
        <Group>
          <ChildNodeCollection>
            <Operator Identifier="bf245af0-32f7-4eac-9d52-3aa56023a419" TypeCode="1" LocationX="375" LocationY="245" OperatorDisplayName="X9" IsVisualTreeNode="true">
              <PortCollection>
                <NodePort Identifier="741a181e-889a-44da-ab1e-36c238b763d8" PortType="0" PortName="输入端口" Sort="0" PortDirection="0" IsMainPort="false" />
                <NodePort Identifier="bc7bd7b7-104a-4150-aacc-c40a4ee17173" PortType="1" PortName="输出端口" Sort="0" PortDirection="2" IsMainPort="false" />
              </PortCollection>
              <StateCollection>
                <State StateValue="1" StateDesc="成功" Probability="0.4" />
                <State StateValue="2" StateDesc="失败" Probability="0.6" />
              </StateCollection>
            </Operator>
            <Operator Identifier="c8a88897-aba9-470f-94f6-fd81cea166a8" TypeCode="1" LocationX="310" LocationY="425" OperatorDisplayName="X10" IsVisualTreeNode="true">
              <PortCollection>
                <NodePort Identifier="741a181e-889a-44da-ab1e-36c238b763d8" PortType="0" PortName="输入端口" Sort="0" PortDirection="0" IsMainPort="false" />
                <NodePort Identifier="bc7bd7b7-104a-4150-aacc-c40a4ee17173" PortType="1" PortName="输出端口" Sort="0" PortDirection="2" IsMainPort="false" />
              </PortCollection>
              <StateCollection>
                <State StateValue="1" StateDesc="成功" Probability="0.3" />
                <State StateValue="2" StateDesc="失败" Probability="0.7" />
              </StateCollection>
            </Operator>
          </ChildNodeCollection>
          <DrawLinkCollection>
            <DrawLink OriginID="59bb4dcf-8503-4bb5-ba85-88d8e773c8f5" TargetID="bf245af0-32f7-4eac-9d52-3aa56023a419" TargetPortID="741a181e-889a-44da-ab1e-36c238b763d8" OriginPortID="ef8e598d-5ce6-48cd-abce-6a78074f5513" />
            <DrawLink OriginID="59bb4dcf-8503-4bb5-ba85-88d8e773c8f5" TargetID="c8a88897-aba9-470f-94f6-fd81cea166a8" TargetPortID="741a181e-889a-44da-ab1e-36c238b763d8" OriginPortID="d9196d71-58cd-412e-aaf4-ab92e1e61a3c" />
            <DrawLink OriginID="bf245af0-32f7-4eac-9d52-3aa56023a419" TargetID="59bb4dcf-8503-4bb5-ba85-88d8e773c8f5" TargetPortID="82dd2d67-4690-49fb-8d74-e1bba10c6d66" OriginPortID="bc7bd7b7-104a-4150-aacc-c40a4ee17173" />
            <DrawLink OriginID="c8a88897-aba9-470f-94f6-fd81cea166a8" TargetID="59bb4dcf-8503-4bb5-ba85-88d8e773c8f5" TargetPortID="a4fffea1-f596-4ff2-8f8c-10eb75d0f413" OriginPortID="bc7bd7b7-104a-4150-aacc-c40a4ee17173" />
          </DrawLinkCollection>
        </Group>
      </Operator>
      <Operator Identifier="db237625-6164-43a6-b1ce-3e3f50e8fc2f" TypeCode="5" LocationX="570" LocationY="515" OperatorDisplayName="X5" IsVisualTreeNode="true">
        <PortCollection>
          <NodePort Identifier="7728aab8-67fb-40b8-a4fa-ad0f62ddcee8" PortType="1" PortName="输出端口" Sort="0" PortDirection="2" IsMainPort="false" />
        </PortCollection>
        <StateCollection>
          <State StateValue="1" StateDesc="成功" Probability="0.7" />
          <State StateValue="2" StateDesc="失败" Probability="0.3" />
        </StateCollection>
      </Operator>
      <Operator Identifier="bddded5a-1774-426c-a502-d055297df344" TypeCode="1" LocationX="1165" LocationY="530" OperatorDisplayName="X6" IsVisualTreeNode="true">
        <PortCollection>
          <NodePort Identifier="741a181e-889a-44da-ab1e-36c238b763d8" PortType="0" PortName="输入端口" Sort="0" PortDirection="0" IsMainPort="false" />
          <NodePort Identifier="bc7bd7b7-104a-4150-aacc-c40a4ee17173" PortType="1" PortName="输出端口" Sort="0" PortDirection="2" IsMainPort="false" />
        </PortCollection>
        <StateCollection>
          <State StateValue="1" StateDesc="成功" Probability="0.6" />
          <State StateValue="2" StateDesc="失败" Probability="0.4" />
        </StateCollection>
      </Operator>
      <Operator Identifier="9273de9a-7318-4e2f-9ab5-6569f69b8206" TypeCode="6" LocationX="1155" LocationY="255" OperatorDisplayName="X7" IsVisualTreeNode="true" MainInputPort="66852324-9bb9-4793-9f12-25f42bf9dbca">
        <PortCollection>
          <NodePort Identifier="66852324-9bb9-4793-9f12-25f42bf9dbca" PortType="0" PortName="左端口" Sort="0" PortDirection="0" IsMainPort="true" />
          <NodePort Identifier="679f3521-6ad6-4655-9c4c-756fabfedbd9" PortType="0" PortName="上端口" Sort="0" PortDirection="0" IsMainPort="false" />
          <NodePort Identifier="51c41457-b53c-4fb8-9702-e74decd662d8" PortType="1" PortName="输出端口" Sort="0" PortDirection="2" IsMainPort="false" />
        </PortCollection>
        <StateCollection>
          <State StateValue="0" StateDesc="提前" Probability="0.2" />
          <State StateValue="1" StateDesc="成功" Probability="0.7" />
          <State StateValue="2" StateDesc="失败" Probability="0.1" />
        </StateCollection>
      </Operator>
      <Operator Identifier="95b98995-9bb7-4d51-8a56-bebee3e8b648" TypeCode="5" LocationX="835" LocationY="225" OperatorDisplayName="X8" IsVisualTreeNode="true">
        <PortCollection>
          <NodePort Identifier="7728aab8-67fb-40b8-a4fa-ad0f62ddcee8" PortType="1" PortName="输出端口" Sort="0" PortDirection="2" IsMainPort="false" />
        </PortCollection>
        <StateCollection>
          <State StateValue="1" StateDesc="成功" Probability="0.6" />
          <State StateValue="2" StateDesc="失败" Probability="0.4" />
        </StateCollection>
      </Operator>
    </ChildNodeCollection>
    <DrawLinkCollection>
      <DrawLink OriginID="36539454-3b99-4994-9198-e49f86813e21" TargetID="1f659b61-49a6-4728-acda-87f08a9ac180" TargetPortID="f318989e-cd1e-4639-a268-71fee316fa7a" OriginPortID="65b92d58-c78f-498e-a437-89a70921b130" />
      <DrawLink OriginID="36539454-3b99-4994-9198-e49f86813e21" TargetID="290051c3-780e-4898-89de-bbdc35f6c077" TargetPortID="f318989e-cd1e-4639-a268-71fee316fa7a" OriginPortID="65b92d58-c78f-498e-a437-89a70921b130" />
      <DrawLink OriginID="1f659b61-49a6-4728-acda-87f08a9ac180" TargetID="7fc1883e-3526-4c97-a0c0-c0aec5cf9f0b" TargetPortID="fef75157-87c1-47bf-8369-beae7645a6b0" OriginPortID="68c97520-7070-43c2-be3a-8ae32c34e67c" />
      <DrawLink OriginID="290051c3-780e-4898-89de-bbdc35f6c077" TargetID="7fc1883e-3526-4c97-a0c0-c0aec5cf9f0b" TargetPortID="fef75157-87c1-47bf-8369-beae7645a6b0" OriginPortID="68c97520-7070-43c2-be3a-8ae32c34e67c" />
      <DrawLink OriginID="7fc1883e-3526-4c97-a0c0-c0aec5cf9f0b" TargetID="59bb4dcf-8503-4bb5-ba85-88d8e773c8f5" TargetPortID="ef8e598d-5ce6-48cd-abce-6a78074f5513" OriginPortID="fde69bdc-a03f-4dba-9aed-88dbddd169bf" />
      <DrawLink OriginID="db237625-6164-43a6-b1ce-3e3f50e8fc2f" TargetID="59bb4dcf-8503-4bb5-ba85-88d8e773c8f5" TargetPortID="d9196d71-58cd-412e-aaf4-ab92e1e61a3c" OriginPortID="7728aab8-67fb-40b8-a4fa-ad0f62ddcee8" />
      <DrawLink OriginID="95b98995-9bb7-4d51-8a56-bebee3e8b648" TargetID="9273de9a-7318-4e2f-9ab5-6569f69b8206" TargetPortID="66852324-9bb9-4793-9f12-25f42bf9dbca" OriginPortID="7728aab8-67fb-40b8-a4fa-ad0f62ddcee8" />
      <DrawLink OriginID="59bb4dcf-8503-4bb5-ba85-88d8e773c8f5" TargetID="9273de9a-7318-4e2f-9ab5-6569f69b8206" TargetPortID="679f3521-6ad6-4655-9c4c-756fabfedbd9" OriginPortID="82dd2d67-4690-49fb-8d74-e1bba10c6d66" />
      <DrawLink OriginID="59bb4dcf-8503-4bb5-ba85-88d8e773c8f5" TargetID="bddded5a-1774-426c-a502-d055297df344" TargetPortID="741a181e-889a-44da-ab1e-36c238b763d8" OriginPortID="a4fffea1-f596-4ff2-8f8c-10eb75d0f413" />
    </DrawLinkCollection>
  </Group>
</GoProject>
