﻿<?xml version="1.0" encoding="utf-8"?>
<Project ID="G1" Name="General System">
  <Page ID="P1" Name="Sub System">
    <Block ID="G8" Name="BLOCKG8" Probability="0.001">
      <Block ID="G9" />
    </Block>
    <Block ID="G9" Name="BLOCKG9" Probability="0.001">
      <logic ID="X4" />
      <Page ID="P2" Name="Sub System"/>
    </Block>
    <Page ID="P2" >
      <logic ID="X4"/>
    </Page>
    <logic ID="X4" VoteNum="1" />
  </Page>
  <Page ID="P2" Name="Sub System">
    <Block ID="G6" Name="BLOCKG6" Probability="0.001">
      <Block ID="G3" />
      <Block ID="G4" />
    </Block>
    <Block ID="G3" Name="BLOCKG3" Probability="0.001">
      <Block ID="G5" />
    </Block>
    <Block ID="G4" Name="BLOCKG4" Probability="0.001">
      <Block ID="G5" />
    </Block>
    <Block ID="G5" Name="BLOCKG5" Probability="0.001">
      <logic ID="X1" />
    </Block>
    <logic ID="X1" VoteNum="1" />
  </Page>
</Project>