﻿<?xml version="1.0" encoding="utf-8"?>
<FTProject ID="G1" Name="General System">
  <Links>
    <Gate ID="G1">
      <Gate ID="G2"/>
      <Gate ID="G3"/>
    </Gate>
    <Gate ID="G2">
      <Evt ID="X1"/>
      <Evt ID="X2"/>
    </Gate>
    <Gate ID="G3">
      <Evt ID="X2"/>
      <Evt ID="X3"/>
      <Evt ID="X4"/>
    </Gate>
  </Links>
  <Nodes>
    <Gate ID="G1" Logic="AND"/>
    <Gate ID="G2" Logic="AND"/>
    <Gate ID="G3" Logic="KOFN" K="2"/>
    <Evt ID="X1" Prb="0.001"/>
    <Evt ID="X2" Prb="0.001"/>
    <Evt ID="X3" Prb="0.002"/>
    <Evt ID="X4" Prb="0.0015"/>
  </Nodes>
</FTProject>

<?xml version="1.0" encoding="utf-8"?>
<FTProject ID="G1" Name="General System">
  <Links>
    <Gate ID="G1">
      <Gate ID="G2"/>
      <Gate ID="G3"/>
    </Gate>
    <Gate ID="G2">
      <Evt ID="X1"/>
      <Evt ID="X2"/>
    </Gate>
    <Gate ID="G3">
      <Evt ID="X3"/>
      <Evt ID="X4"/>
      <Evt ID="X5"/>
    </Gate>
  </Links>
  <Nodes>
    <Gate ID="G1" Logic="AND"/>
    <Gate ID="G2" Logic="OR"/>
    <Gate ID="G3" Logic="KOFN" K="2"/>
    <Evt ID="X1" Prb="0.001"/>
    <Evt ID="X2" Prb="0.001"/>
    <Evt ID="X3" Prb="0.002"/>
    <Evt ID="X4" Prb="0.002"/>
    <Evt ID="X5" Prb="0.002"/>
  </Nodes>
</FTProject>

<?xml version="1.0" encoding="utf-8"?>
<FTProject ID="G1" Name="General System">
  <Links>
    <Gate ID="G1">
      <Gate ID="G2"/>
      <Gate ID="G3"/>
      <Gate ID="G5"/>
    </Gate>
    <Gate ID="G2">
      <Evt ID="X1"/>
      <Evt ID="X2"/>
    </Gate>
    <Gate ID="G3">
      <Gate ID="G4"/>
    </Gate>
    <Gate ID="G4">
      <Evt ID="X2"/>
      <Evt ID="X3"/>
      <Evt ID="X4"/>
    </Gate>
    <Gate ID="G5">
      <Evt ID="X5"/>
      <Evt ID="X6"/>
    </Gate>
  </Links>
  <Nodes>
    <Gate ID="G1" Logic="AND"/>
    <Gate ID="G2" Logic="AND"/>
    <Gate ID="G3" Logic="NOT"/>
    <Gate ID="G4" Logic="KOFN" K="2"/>
    <Gate ID="G5" Logic="XOR"/>
    <Evt ID="X1" Prb="0.001"/>
    <Evt ID="X2" Prb="0.001"/>
    <Evt ID="X3" Prb="0.002"/>
    <Evt ID="X4" Prb="0.0015"/>
    <Evt ID="X5" Prb="0.001"/>
    <Evt ID="X6" Prb="0.002"/>
  </Nodes>
</FTProject>

<?xml version="1.0" encoding="utf-8"?>
<FTProject ID="G1" Name="General System">
  <Links>
    <Gate ID="G1">
      <Evt ID="X1"/>
      <Evt ID="X2"/>
    </Gate>
  </Links>
  <Nodes>
    <Gate ID="G1" Logic="XOR"/>
    <Evt ID="X1" Prb="0.1"/>
    <Evt ID="X2" Prb="0.01"/>
  </Nodes>
</FTProject>

<FTProject ID="FT" FTime="5">
  <Links>
    <Gate ID="G1">
      <Gate ID="G2"/>
      <Gate ID="G3"/>
    </Gate>
    <Gate ID="G2">
      <Gate ID="G4"/>
      <Gate ID="G5"/>
    </Gate>
    <Gate ID="G3">
      <Gate ID="G6"/>
      <Gate ID="G7"/>
    </Gate>
    <Gate ID="G4">
      <Evt ID="E1"/>
      <Evt ID="E2"/>
      <Evt ID="E3"/>
      <Evt ID="E9"/>
    </Gate>
    <Gate ID="G5">
      <Evt ID="E4"/>
      <Evt ID="E5"/>
    </Gate>
    <Gate ID="G6">
      <Evt ID="E6"/>
      <Evt ID="E11"/>
      <Evt ID="E10"/>
    </Gate>
    <Gate ID="G7">
      <Evt ID="E8"/>
      <Evt ID="E9"/>
    </Gate>
  </Links>
  <Nodes>
    <Gate ID="G1" Logic="OR"/>
    <Gate ID="G2" Logic="AND"/>
    <Gate ID="G3" Logic="OR"/>
    <Gate ID="G4" Logic="OR"/>
    <Gate ID="G5" Logic="AND"/>
    <Gate ID="G6" Logic="INH"/>
    <Gate ID="G7" Logic="PAND"/>
    <Evt ID="E1" Lmd="0.1" RskTi="5"/>
    <Evt ID="E2" Lmd="True" RskTi="5"/>
    <Evt ID="E3" Lmd="0.1" RskTi="5"/>
    <Evt ID="E4" Lmd="0.01" RskTi="5" Ti="100"/>
    <Evt ID="E5" Lmd="0.1" RskTi="5" Ti="500"/>
    <Evt ID="E6" Lmd="P0.01" RskTi="5"/>
    <Evt ID="E8" Lmd="0.1" RskTi="5"/>
    <Evt ID="E9" Lmd="0.01" RskTi="5"/>
    <Evt ID="E10" Lmd="0.1" RskTi="5"/>
    <Evt ID="E11" Lmd="0.01" RskTi="5"/>
  </Nodes>
</FTProject>

<CutSets>
  <CutSet>
    <Evt>E9</Evt>
    <Evt>E8</Evt>
  </CutSet>
  <CutSet>
    <Evt>E10</Evt>
    <Evt>E11</Evt>
    <Evt>E6</Evt>
  </CutSet>
  <CutSet>
    <Evt>E5</Evt>
    <Evt>E4</Evt>
    <Evt>E9</Evt>
  </CutSet>
  <CutSet>
    <Evt>E5</Evt>
    <Evt>E4</Evt>
    <Evt>E1</Evt>
  </CutSet>
  <CutSet>
    <Evt>E5</Evt>
    <Evt>E4</Evt>
    <Evt>E2</Evt>
  </CutSet>
  <CutSet>
    <Evt>E5</Evt>
    <Evt>E4</Evt>
    <Evt>E3</Evt>
  </CutSet>
</CutSets>