<Type Name="Accumulator" FullName="MathNet.Numerics.Statistics.Accumulator">
  <TypeSignature Language="C#" Value="public class Accumulator" />
  <AssemblyInfo>
    <AssemblyName>MathNet.Iridium</AssemblyName>
    <AssemblyVersion>1.0.0.8645</AssemblyVersion>
    <AssemblyVersion>2008.8.16.470</AssemblyVersion>
  </AssemblyInfo>
  <Base>
    <BaseTypeName>System.Object</BaseTypeName>
  </Base>
  <Interfaces />
  <Docs>
    <summary>
            The <c>Accumulator</c> provides online algorithms to computes the first
            statistical moments and their derivatives.
            </summary>
    <remarks>
      <p>The <c>Accumulator</c> provides memory efficient online algorithms
            to compute the first statistical moments (mean, variance) and their
            derivatives (sigma, error estimate).</p>
      <p>The memory required by the accumulator is <c>O(1)</c> independent
            from the distribution size. All methods are executed in a <c>O(1)</c>
            computational time.
            </p>
      <p>The <c>Accumulator</c> is not thread safe.</p>
    </remarks>
  </Docs>
  <Members>
    <Member MemberName=".ctor">
      <MemberSignature Language="C#" Value="public Accumulator ();" />
      <MemberType>Constructor</MemberType>
      <AssemblyInfo>
        <AssemblyVersion>1.0.0.8645</AssemblyVersion>
        <AssemblyVersion>2008.8.16.470</AssemblyVersion>
      </AssemblyInfo>
      <Parameters />
      <Docs>
        <summary>
            Creates an empty <c>Accumulator</c>.
            </summary>
        <remarks>To be added.</remarks>
      </Docs>
    </Member>
    <Member MemberName=".ctor">
      <MemberSignature Language="C#" Value="public Accumulator (System.Collections.Generic.IEnumerable&lt;double&gt; values);" />
      <MemberType>Constructor</MemberType>
      <AssemblyInfo>
        <AssemblyVersion>1.0.0.8645</AssemblyVersion>
        <AssemblyVersion>2008.8.16.470</AssemblyVersion>
      </AssemblyInfo>
      <Parameters>
        <Parameter Name="values" Type="System.Collections.Generic.IEnumerable&lt;System.Double&gt;" />
      </Parameters>
      <Docs>
        <param name="values">To be added.</param>
        <summary>
            Creates an <c>Accumulator</c> that contains the provided values.
            </summary>
        <remarks>To be added.</remarks>
      </Docs>
    </Member>
    <Member MemberName=".ctor">
      <MemberSignature Language="C#" Value="public Accumulator (System.Collections.ICollection values);" />
      <MemberType>Constructor</MemberType>
      <AssemblyInfo>
        <AssemblyVersion>1.0.0.8645</AssemblyVersion>
        <AssemblyVersion>2008.8.16.470</AssemblyVersion>
      </AssemblyInfo>
      <Attributes>
        <Attribute>
          <AttributeName>System.Obsolete("This method is obsolete, please use the generic version instead: Accumulator(IEnumerable&lt;double&gt;)", false)</AttributeName>
        </Attribute>
      </Attributes>
      <Parameters>
        <Parameter Name="values" Type="System.Collections.ICollection" />
      </Parameters>
      <Docs>
        <param name="values">To be added.</param>
        <summary>
            Creates an <c>Accumulator</c> that contains the provided values.
            </summary>
        <remarks>To be added.</remarks>
      </Docs>
    </Member>
    <Member MemberName=".ctor">
      <MemberSignature Language="C#" Value="public Accumulator (double[] values);" />
      <MemberType>Constructor</MemberType>
      <AssemblyInfo>
        <AssemblyVersion>1.0.0.8645</AssemblyVersion>
        <AssemblyVersion>2008.8.16.470</AssemblyVersion>
      </AssemblyInfo>
      <Parameters>
        <Parameter Name="values" Type="System.Double[]" />
      </Parameters>
      <Docs>
        <param name="values">To be added.</param>
        <summary>
            Creates an <c>Accumulator</c> that contains the provided values.
            </summary>
        <remarks>To be added.</remarks>
      </Docs>
    </Member>
    <Member MemberName="Add">
      <MemberSignature Language="C#" Value="public void Add (double value);" />
      <MemberType>Method</MemberType>
      <AssemblyInfo>
        <AssemblyVersion>1.0.0.8645</AssemblyVersion>
        <AssemblyVersion>2008.8.16.470</AssemblyVersion>
      </AssemblyInfo>
      <ReturnValue>
        <ReturnType>System.Void</ReturnType>
      </ReturnValue>
      <Parameters>
        <Parameter Name="value" Type="System.Double" />
      </Parameters>
      <Docs>
        <param name="value">To be added.</param>
        <summary>
            Adds a real value to the accumulator.
            </summary>
        <remarks>To be added.</remarks>
      </Docs>
    </Member>
    <Member MemberName="AddRange">
      <MemberSignature Language="C#" Value="public void AddRange (System.Collections.Generic.IEnumerable&lt;double&gt; values);" />
      <MemberType>Method</MemberType>
      <AssemblyInfo>
        <AssemblyVersion>1.0.0.8645</AssemblyVersion>
        <AssemblyVersion>2008.8.16.470</AssemblyVersion>
      </AssemblyInfo>
      <ReturnValue>
        <ReturnType>System.Void</ReturnType>
      </ReturnValue>
      <Parameters>
        <Parameter Name="values" Type="System.Collections.Generic.IEnumerable&lt;System.Double&gt;" />
      </Parameters>
      <Docs>
        <param name="values">To be added.</param>
        <summary>
            Adds a range of values to the accumulator.
            </summary>
        <remarks>To be added.</remarks>
      </Docs>
    </Member>
    <Member MemberName="AddRange">
      <MemberSignature Language="C#" Value="public void AddRange (System.Collections.ICollection values);" />
      <MemberType>Method</MemberType>
      <AssemblyInfo>
        <AssemblyVersion>1.0.0.8645</AssemblyVersion>
        <AssemblyVersion>2008.8.16.470</AssemblyVersion>
      </AssemblyInfo>
      <Attributes>
        <Attribute>
          <AttributeName>System.Obsolete("This method is obsolete, please use the generic version instead: AddRange(IEnumerable&lt;double&gt;)", false)</AttributeName>
        </Attribute>
      </Attributes>
      <ReturnValue>
        <ReturnType>System.Void</ReturnType>
      </ReturnValue>
      <Parameters>
        <Parameter Name="values" Type="System.Collections.ICollection" />
      </Parameters>
      <Docs>
        <param name="values">To be added.</param>
        <summary>
            Adds a range of values to the accumulator.
            </summary>
        <remarks>To be added.</remarks>
      </Docs>
    </Member>
    <Member MemberName="AddRange">
      <MemberSignature Language="C#" Value="public void AddRange (double[] values);" />
      <MemberType>Method</MemberType>
      <AssemblyInfo>
        <AssemblyVersion>1.0.0.8645</AssemblyVersion>
        <AssemblyVersion>2008.8.16.470</AssemblyVersion>
      </AssemblyInfo>
      <ReturnValue>
        <ReturnType>System.Void</ReturnType>
      </ReturnValue>
      <Parameters>
        <Parameter Name="values" Type="System.Double[]" />
      </Parameters>
      <Docs>
        <param name="values">To be added.</param>
        <summary>
            Adds a range of values to the accumulator.
            </summary>
        <remarks>To be added.</remarks>
      </Docs>
    </Member>
    <Member MemberName="Clear">
      <MemberSignature Language="C#" Value="public void Clear ();" />
      <MemberType>Method</MemberType>
      <AssemblyInfo>
        <AssemblyVersion>1.0.0.8645</AssemblyVersion>
        <AssemblyVersion>2008.8.16.470</AssemblyVersion>
      </AssemblyInfo>
      <ReturnValue>
        <ReturnType>System.Void</ReturnType>
      </ReturnValue>
      <Parameters />
      <Docs>
        <summary>
            Clears (re-initialize) the accumulator.
            </summary>
        <remarks>To be added.</remarks>
      </Docs>
    </Member>
    <Member MemberName="Count">
      <MemberSignature Language="C#" Value="public int Count { get; }" />
      <MemberType>Property</MemberType>
      <AssemblyInfo>
        <AssemblyVersion>1.0.0.8645</AssemblyVersion>
        <AssemblyVersion>2008.8.16.470</AssemblyVersion>
      </AssemblyInfo>
      <ReturnValue>
        <ReturnType>System.Int32</ReturnType>
      </ReturnValue>
      <Docs>
        <summary>
            Gets the number of values added to the accumulator.
            </summary>
        <value>To be added.</value>
        <remarks>To be added.</remarks>
      </Docs>
    </Member>
    <Member MemberName="ErrorEstimate">
      <MemberSignature Language="C#" Value="public double ErrorEstimate { get; }" />
      <MemberType>Property</MemberType>
      <AssemblyInfo>
        <AssemblyVersion>1.0.0.8645</AssemblyVersion>
        <AssemblyVersion>2008.8.16.470</AssemblyVersion>
      </AssemblyInfo>
      <ReturnValue>
        <ReturnType>System.Double</ReturnType>
      </ReturnValue>
      <Docs>
        <summary>
            Gets the mean error estimate defined as the square root of the ratio of 
            the standard deviation to the number of values added to the accumulator.
            </summary>
        <value>To be added.</value>
        <remarks>To be added.</remarks>
      </Docs>
    </Member>
    <Member MemberName="Mean">
      <MemberSignature Language="C#" Value="public double Mean { get; }" />
      <MemberType>Property</MemberType>
      <AssemblyInfo>
        <AssemblyVersion>1.0.0.8645</AssemblyVersion>
        <AssemblyVersion>2008.8.16.470</AssemblyVersion>
      </AssemblyInfo>
      <ReturnValue>
        <ReturnType>System.Double</ReturnType>
      </ReturnValue>
      <Docs>
        <summary>
            Gets the arithmetic mean of the values added to the accumulator.
            </summary>
        <value>To be added.</value>
        <remarks>To be added.</remarks>
      </Docs>
    </Member>
    <Member MemberName="MeanSquared">
      <MemberSignature Language="C#" Value="public double MeanSquared { get; }" />
      <MemberType>Property</MemberType>
      <AssemblyInfo>
        <AssemblyVersion>1.0.0.8645</AssemblyVersion>
        <AssemblyVersion>2008.8.16.470</AssemblyVersion>
      </AssemblyInfo>
      <ReturnValue>
        <ReturnType>System.Double</ReturnType>
      </ReturnValue>
      <Docs>
        <summary>
            Gets the arithmetic mean of the squared values added to the accumulator. Note that this is not equal to the squared mean of the values.
            </summary>
        <value>To be added.</value>
        <remarks>To be added.</remarks>
      </Docs>
    </Member>
    <Member MemberName="Remove">
      <MemberSignature Language="C#" Value="public void Remove (double value);" />
      <MemberType>Method</MemberType>
      <AssemblyInfo>
        <AssemblyVersion>1.0.0.8645</AssemblyVersion>
        <AssemblyVersion>2008.8.16.470</AssemblyVersion>
      </AssemblyInfo>
      <ReturnValue>
        <ReturnType>System.Void</ReturnType>
      </ReturnValue>
      <Parameters>
        <Parameter Name="value" Type="System.Double" />
      </Parameters>
      <Docs>
        <param name="value">To be added.</param>
        <summary>
            Removes a value from the accumulator.
            </summary>
        <remarks>
          <p>Caution: the <c>Accumulator</c> does not explicitly records the
            added values. Therefore, no exception will be thrown if an attempt
            is made to remove a value that have not been previously added to
            the accumulator.</p>
        </remarks>
      </Docs>
    </Member>
    <Member MemberName="RemoveRange">
      <MemberSignature Language="C#" Value="public void RemoveRange (System.Collections.Generic.IEnumerable&lt;double&gt; values);" />
      <MemberType>Method</MemberType>
      <AssemblyInfo>
        <AssemblyVersion>1.0.0.8645</AssemblyVersion>
        <AssemblyVersion>2008.8.16.470</AssemblyVersion>
      </AssemblyInfo>
      <ReturnValue>
        <ReturnType>System.Void</ReturnType>
      </ReturnValue>
      <Parameters>
        <Parameter Name="values" Type="System.Collections.Generic.IEnumerable&lt;System.Double&gt;" />
      </Parameters>
      <Docs>
        <param name="values">To be added.</param>
        <summary>
            Removes a range of values from the accumulator.
            </summary>
        <remarks>To be added.</remarks>
      </Docs>
    </Member>
    <Member MemberName="RemoveRange">
      <MemberSignature Language="C#" Value="public void RemoveRange (System.Collections.ICollection values);" />
      <MemberType>Method</MemberType>
      <AssemblyInfo>
        <AssemblyVersion>1.0.0.8645</AssemblyVersion>
        <AssemblyVersion>2008.8.16.470</AssemblyVersion>
      </AssemblyInfo>
      <Attributes>
        <Attribute>
          <AttributeName>System.Obsolete("This method is obsolete, please use the generic version instead: RemoveRange(IEnumerable&lt;double&gt;)", false)</AttributeName>
        </Attribute>
      </Attributes>
      <ReturnValue>
        <ReturnType>System.Void</ReturnType>
      </ReturnValue>
      <Parameters>
        <Parameter Name="values" Type="System.Collections.ICollection" />
      </Parameters>
      <Docs>
        <param name="values">To be added.</param>
        <summary>
            Removes a range of values from the accumulator.
            </summary>
        <remarks>To be added.</remarks>
      </Docs>
    </Member>
    <Member MemberName="RemoveRange">
      <MemberSignature Language="C#" Value="public void RemoveRange (double[] values);" />
      <MemberType>Method</MemberType>
      <AssemblyInfo>
        <AssemblyVersion>1.0.0.8645</AssemblyVersion>
        <AssemblyVersion>2008.8.16.470</AssemblyVersion>
      </AssemblyInfo>
      <ReturnValue>
        <ReturnType>System.Void</ReturnType>
      </ReturnValue>
      <Parameters>
        <Parameter Name="values" Type="System.Double[]" />
      </Parameters>
      <Docs>
        <param name="values">To be added.</param>
        <summary>
            Removes a range of values from the accumulator.
            </summary>
        <remarks>To be added.</remarks>
      </Docs>
    </Member>
    <Member MemberName="Sigma">
      <MemberSignature Language="C#" Value="public double Sigma { get; }" />
      <MemberType>Property</MemberType>
      <AssemblyInfo>
        <AssemblyVersion>1.0.0.8645</AssemblyVersion>
        <AssemblyVersion>2008.8.16.470</AssemblyVersion>
      </AssemblyInfo>
      <ReturnValue>
        <ReturnType>System.Double</ReturnType>
      </ReturnValue>
      <Docs>
        <summary>
            Gets the standard deviation of the values added to the accumulator.
            </summary>
        <value>To be added.</value>
        <remarks>To be added.</remarks>
      </Docs>
    </Member>
    <Member MemberName="SquaredSum">
      <MemberSignature Language="C#" Value="public double SquaredSum { get; }" />
      <MemberType>Property</MemberType>
      <AssemblyInfo>
        <AssemblyVersion>1.0.0.8645</AssemblyVersion>
        <AssemblyVersion>2008.8.16.470</AssemblyVersion>
      </AssemblyInfo>
      <ReturnValue>
        <ReturnType>System.Double</ReturnType>
      </ReturnValue>
      <Docs>
        <summary>
            Gets the sum of the squared values added to the accumulator.
            </summary>
        <value>To be added.</value>
        <remarks>To be added.</remarks>
      </Docs>
    </Member>
    <Member MemberName="Sum">
      <MemberSignature Language="C#" Value="public double Sum { get; }" />
      <MemberType>Property</MemberType>
      <AssemblyInfo>
        <AssemblyVersion>1.0.0.8645</AssemblyVersion>
        <AssemblyVersion>2008.8.16.470</AssemblyVersion>
      </AssemblyInfo>
      <ReturnValue>
        <ReturnType>System.Double</ReturnType>
      </ReturnValue>
      <Docs>
        <summary>
            Gets the sum of the values added to the accumulator.
            </summary>
        <value>To be added.</value>
        <remarks>To be added.</remarks>
      </Docs>
    </Member>
    <Member MemberName="Variance">
      <MemberSignature Language="C#" Value="public double Variance { get; }" />
      <MemberType>Property</MemberType>
      <AssemblyInfo>
        <AssemblyVersion>1.0.0.8645</AssemblyVersion>
        <AssemblyVersion>2008.8.16.470</AssemblyVersion>
      </AssemblyInfo>
      <ReturnValue>
        <ReturnType>System.Double</ReturnType>
      </ReturnValue>
      <Docs>
        <summary>
            Gets the variance of the values added to the accumulator.
            </summary>
        <value>To be added.</value>
        <remarks>To be added.</remarks>
      </Docs>
    </Member>
  </Members>
</Type>
