<Overview>
  <Assemblies>
    <Assembly Name="MathNet.Iridium" Version="1.0.0.8645">
      <Attributes>
        <Attribute>
          <AttributeName>System.Runtime.CompilerServices.RuntimeCompatibility(WrapNonExceptionThrows=true)</AttributeName>
        </Attribute>
        <Attribute>
          <AttributeName>System.Reflection.AssemblyFileVersion("1.0.0.0")</AttributeName>
        </Attribute>
        <Attribute>
          <AttributeName>System.Runtime.InteropServices.ComVisible(false)</AttributeName>
        </Attribute>
        <Attribute>
          <AttributeName>System.Runtime.InteropServices.Guid("1386fccc-7816-4311-a04b-25227138e8b3")</AttributeName>
        </Attribute>
        <Attribute>
          <AttributeName>System.CLSCompliant(true)</AttributeName>
        </Attribute>
        <Attribute>
          <AttributeName>System.Security.AllowPartiallyTrustedCallers</AttributeName>
        </Attribute>
        <Attribute>
          <AttributeName>System.Reflection.AssemblyTrademark("")</AttributeName>
        </Attribute>
        <Attribute>
          <AttributeName>System.Reflection.AssemblyCopyright("Copyright © 2008, Math.NET Project")</AttributeName>
        </Attribute>
        <Attribute>
          <AttributeName>System.Reflection.AssemblyProduct("Math.NET")</AttributeName>
        </Attribute>
        <Attribute>
          <AttributeName>System.Reflection.AssemblyCompany("Math.NET Project")</AttributeName>
        </Attribute>
        <Attribute>
          <AttributeName>System.Reflection.AssemblyConfiguration("")</AttributeName>
        </Attribute>
        <Attribute>
          <AttributeName>System.Reflection.AssemblyDescription("http://mathnet.opensourcedotnet.info/")</AttributeName>
        </Attribute>
        <Attribute>
          <AttributeName>System.Reflection.AssemblyTitle("Math.NET Iridium: Scientific Numerical Library")</AttributeName>
        </Attribute>
      </Attributes>
    </Assembly>
  </Assemblies>
  <Remarks>To be added.</Remarks>
  <Copyright>To be added.</Copyright>
  <Types>
    <Namespace Name="MathNet.Numerics">
      <Type Name="Collection" Kind="Class" />
      <Type Name="Combinatorics" Kind="Class" />
      <Type Name="Complex" Kind="Structure" />
      <Type Name="ComplexPolynomial" Kind="Class" />
      <Type Name="ComplexRational" Kind="Class" />
      <Type Name="Constants" Kind="Class" />
      <Type Name="Fn" Kind="Class" />
      <Type Name="IRealFunction" Kind="Interface" />
      <Type Name="ISet`1" DisplayName="ISet&lt;T&gt;" Kind="Interface" />
      <Type Name="Natural" Kind="Class" />
      <Type Name="Number" Kind="Class" />
      <Type Name="Polynomial" Kind="Class" />
      <Type Name="Quaternion" Kind="Structure" />
      <Type Name="Rational" Kind="Class" />
      <Type Name="Ratios" Kind="Class" />
      <Type Name="ReadOnlySet`1" DisplayName="ReadOnlySet&lt;T&gt;" Kind="Class" />
      <Type Name="SampleList" Kind="Class" />
      <Type Name="SampleList+SampleAlteredEventArgs" Kind="Class" />
      <Type Name="Set`1" DisplayName="Set&lt;T&gt;" Kind="Class" />
      <Type Name="SetChangedEventArgs`1" DisplayName="SetChangedEventArgs&lt;T&gt;" Kind="Class" />
      <Type Name="SetElementOperation" Kind="Enumeration" />
      <Type Name="SiConstants" Kind="Class" />
      <Type Name="SiPrefixes" Kind="Class" />
      <Type Name="Sorting" Kind="Class" />
      <Type Name="Trig" Kind="Class" />
      <Type Name="Tuple`2" DisplayName="Tuple&lt;TFirst,TSecond&gt;" Kind="Structure" />
    </Namespace>
    <Namespace Name="MathNet.Numerics.Distributions">
      <Type Name="ArbitraryDistribution" Kind="Class" />
      <Type Name="BernoulliDistribution" Kind="Class" />
      <Type Name="BetaDistribution" Kind="Class" />
      <Type Name="BinomialDistribution" Kind="Class" />
      <Type Name="CauchyLorentzDistribution" Kind="Class" />
      <Type Name="ChiDistribution" Kind="Class" />
      <Type Name="ChiSquareDistribution" Kind="Class" />
      <Type Name="ContinuousDistribution" Kind="Class" />
      <Type Name="ContinuousUniformDistribution" Kind="Class" />
      <Type Name="DiscreteDistribution" Kind="Class" />
      <Type Name="DiscreteUniformDistribution" Kind="Class" />
      <Type Name="ErlangDistribution" Kind="Class" />
      <Type Name="ExponentialDistribution" Kind="Class" />
      <Type Name="FisherSnedecorDistribution" Kind="Class" />
      <Type Name="GammaDistribution" Kind="Class" />
      <Type Name="GeometricDistribution" Kind="Class" />
      <Type Name="HypergeometricDistribution" Kind="Class" />
      <Type Name="IContinuousGenerator" Kind="Interface" />
      <Type Name="IContinuousProbabilityDistribution" Kind="Interface" />
      <Type Name="IDiscreteGenerator" Kind="Interface" />
      <Type Name="IDiscreteProbabilityDistribution" Kind="Interface" />
      <Type Name="LaplaceDistribution" Kind="Class" />
      <Type Name="LognormalDistribution" Kind="Class" />
      <Type Name="NormalDistribution" Kind="Class" />
      <Type Name="ParetoDistribution" Kind="Class" />
      <Type Name="PoissonDistribution" Kind="Class" />
      <Type Name="StableDistribution" Kind="Class" />
      <Type Name="StandardDistribution" Kind="Class" />
      <Type Name="StudentsTDistribution" Kind="Class" />
      <Type Name="TriangularDistribution" Kind="Class" />
      <Type Name="ZipfDistribution" Kind="Class" />
    </Namespace>
    <Namespace Name="MathNet.Numerics.Interpolation">
      <Type Name="IInterpolationAlgorithm" Kind="Interface" />
      <Type Name="IInterpolationMethod" Kind="Interface" />
      <Type Name="Interpolation" Kind="Class" />
      <Type Name="InterpolationMode" Kind="Enumeration" />
      <Type Name="InterpolationSingleDimension" Kind="Class" />
      <Type Name="PolynomialInterpolationAlgorithm" Kind="Class" />
      <Type Name="RationalInterpolationAlgorithm" Kind="Class" />
      <Type Name="SplineBoundaryCondition" Kind="Enumeration" />
    </Namespace>
    <Namespace Name="MathNet.Numerics.Interpolation.Algorithms">
      <Type Name="AkimaSplineInterpolation" Kind="Class" />
      <Type Name="BarycentricInterpolation" Kind="Class" />
      <Type Name="ChebyshevFirstKindPolynomialInterpolation" Kind="Class" />
      <Type Name="ChebyshevSecondKindPolynomialInterpolation" Kind="Class" />
      <Type Name="CubicHermiteSplineInterpolation" Kind="Class" />
      <Type Name="CubicSplineInterpolation" Kind="Class" />
      <Type Name="EquidistantPolynomialInterpolation" Kind="Class" />
      <Type Name="LimitedOrderPolynomialInterpolation" Kind="Class" />
      <Type Name="LimitedOrderRationalInterpolation" Kind="Class" />
      <Type Name="LinearSplineInterpolation" Kind="Class" />
      <Type Name="PolynomialInterpolation" Kind="Class" />
      <Type Name="RationalInterpolation" Kind="Class" />
      <Type Name="RationalPoleFreeInterpolation" Kind="Class" />
      <Type Name="SplineInterpolation" Kind="Class" />
    </Namespace>
    <Namespace Name="MathNet.Numerics.LinearAlgebra">
      <Type Name="CholeskyDecomposition" Kind="Class" />
      <Type Name="ComplexMatrix" Kind="Class" />
      <Type Name="ComplexVector" Kind="Class" />
      <Type Name="EigenvalueDecomposition" Kind="Class" />
      <Type Name="IMatrix`1" DisplayName="IMatrix&lt;T&gt;" Kind="Interface" />
      <Type Name="IVector`1" DisplayName="IVector&lt;T&gt;" Kind="Interface" />
      <Type Name="LUDecomposition" Kind="Class" />
      <Type Name="Matrix" Kind="Class" />
      <Type Name="QRDecomposition" Kind="Class" />
      <Type Name="SingularValueDecomposition" Kind="Class" />
      <Type Name="Vector" Kind="Class" />
    </Namespace>
    <Namespace Name="MathNet.Numerics.RandomSources">
      <Type Name="AdditiveLaggedFibonacciRandomSource" Kind="Class" />
      <Type Name="MersenneTwisterRandomSource" Kind="Class" />
      <Type Name="RandomSource" Kind="Class" />
      <Type Name="SystemRandomSource" Kind="Class" />
      <Type Name="XorShiftRandomSource" Kind="Class" />
    </Namespace>
    <Namespace Name="MathNet.Numerics.Statistics">
      <Type Name="Accumulator" Kind="Class" />
      <Type Name="Bucket" Kind="Class" />
      <Type Name="Histogram" Kind="Class" />
    </Namespace>
    <Namespace Name="MathNet.Numerics.Transformations">
      <Type Name="ComplexFourierTransformation" Kind="Class" />
      <Type Name="RealFourierTransformation" Kind="Class" />
      <Type Name="TransformationConvention" Kind="Enumeration" />
    </Namespace>
  </Types>
  <Title>MathNet.Iridium</Title>
</Overview>
