﻿<?xml version="1.0" encoding="utf-8"?>
<doc>
  <members>
    <member name="N:MathNet.Numerics.Transformations">
      <summary>Integral Transformations like FFT</summary>
    </member>
    <member name="N:MathNet.Numerics.Statistics">
      <summary>Statistical Methods</summary>
    </member>
    <member name="N:MathNet.Numerics.RandomSources">
      <summary>Uniform Random Number Generators</summary>
    </member>
    <member name="N:MathNet.Numerics.LinearAlgebra">
      <summary>Linear Algebra: Vectors, Matrices and Decompositions</summary>
    </member>
    <member name="N:MathNet.Numerics.Interpolation.Algorithms">
      <summary>Interpolation Algorithms</summary>
    </member>
    <member name="N:MathNet.Numerics.Interpolation">
      <summary>Interpolation Methods</summary>
    </member>
    <member name="N:MathNet.Numerics.Distributions">
      <summary>Probability Distributions, Properties and Sample Generators</summary>
    </member>
    <member name="N:MathNet.Numerics">
      <summary>
        <p>Core Data Structures and Algorithms</p>
      </summary>
    </member>
    <member name="R:Project">
      <summary>Math.NET Iridium API Reference</summary>
    </member>
  </members>
</doc>