<Type Name="Constants" FullName="MathNet.Numerics.Constants">
  <TypeSignature Language="C#" Value="public static class Constants" />
  <AssemblyInfo>
    <AssemblyName>MathNet.Iridium</AssemblyName>
    <AssemblyVersion>1.0.0.8645</AssemblyVersion>
    <AssemblyVersion>2008.8.16.470</AssemblyVersion>
  </AssemblyInfo>
  <Base>
    <BaseTypeName>System.Object</BaseTypeName>
  </Base>
  <Interfaces />
  <Docs>
    <summary>
            Mathematical Constants
            </summary>
    <remarks>To be added.</remarks>
    <altmember cref="T:MathNet.Numerics.SiConstants" />
    <altmember cref="T:MathNet.Numerics.SiPrefixes" />
  </Docs>
  <Members>
    <Member MemberName="Catalan">
      <MemberSignature Language="C#" Value="public const double Catalan = 0.915965594177219;" />
      <MemberType>Field</MemberType>
      <AssemblyInfo>
        <AssemblyVersion>1.0.0.8645</AssemblyVersion>
        <AssemblyVersion>2008.8.16.470</AssemblyVersion>
      </AssemblyInfo>
      <ReturnValue>
        <ReturnType>System.Double</ReturnType>
      </ReturnValue>
      <MemberValue>0.915965594177219</MemberValue>
      <Docs>
        <summary>Catalan constant</summary>
        <remarks>Sum(k=0 -&gt; inf){ (-1)^k/(2*k + 1)2 }</remarks>
      </Docs>
    </Member>
    <Member MemberName="Degree">
      <MemberSignature Language="C#" Value="public const double Degree = 0.0174532925199433;" />
      <MemberType>Field</MemberType>
      <AssemblyInfo>
        <AssemblyVersion>1.0.0.8645</AssemblyVersion>
        <AssemblyVersion>2008.8.16.470</AssemblyVersion>
      </AssemblyInfo>
      <ReturnValue>
        <ReturnType>System.Double</ReturnType>
      </ReturnValue>
      <MemberValue>0.0174532925199433</MemberValue>
      <Docs>
        <summary>(pi)/180 - factor to convert from Degree (deg) to Radians (rad).</summary>
        <remarks>To be added.</remarks>
        <altmember cref="M:MathNet.Numerics.Trig.DegreeToRadian(System.Double)" />
        <altmember cref="M:MathNet.Numerics.Trig.RadianToDegree(System.Double)" />
      </Docs>
    </Member>
    <Member MemberName="E">
      <MemberSignature Language="C#" Value="public const double E = 2.71828182845905;" />
      <MemberType>Field</MemberType>
      <AssemblyInfo>
        <AssemblyVersion>1.0.0.8645</AssemblyVersion>
        <AssemblyVersion>2008.8.16.470</AssemblyVersion>
      </AssemblyInfo>
      <ReturnValue>
        <ReturnType>System.Double</ReturnType>
      </ReturnValue>
      <MemberValue>2.71828182845905</MemberValue>
      <Docs>
        <summary>e</summary>
        <remarks>To be added.</remarks>
      </Docs>
    </Member>
    <Member MemberName="EulerGamma">
      <MemberSignature Language="C#" Value="public const double EulerGamma = 0.577215664901533;" />
      <MemberType>Field</MemberType>
      <AssemblyInfo>
        <AssemblyVersion>1.0.0.8645</AssemblyVersion>
        <AssemblyVersion>2008.8.16.470</AssemblyVersion>
      </AssemblyInfo>
      <ReturnValue>
        <ReturnType>System.Double</ReturnType>
      </ReturnValue>
      <MemberValue>0.577215664901533</MemberValue>
      <Docs>
        <summary>The Euler-Mascheroni constant</summary>
        <remarks>lim(n -&gt; inf){ Sum(k=1 -&gt; n) { 1/k - log(n) } }</remarks>
      </Docs>
    </Member>
    <Member MemberName="Glaisher">
      <MemberSignature Language="C#" Value="public const double Glaisher = 1.28242712910062;" />
      <MemberType>Field</MemberType>
      <AssemblyInfo>
        <AssemblyVersion>1.0.0.8645</AssemblyVersion>
        <AssemblyVersion>2008.8.16.470</AssemblyVersion>
      </AssemblyInfo>
      <ReturnValue>
        <ReturnType>System.Double</ReturnType>
      </ReturnValue>
      <MemberValue>1.28242712910062</MemberValue>
      <Docs>
        <summary>Glaisher Constant</summary>
        <remarks>e^(1/12 - Zeta(-1))</remarks>
      </Docs>
    </Member>
    <Member MemberName="GoldenRatio">
      <MemberSignature Language="C#" Value="public const double GoldenRatio = 1.61803398874989;" />
      <MemberType>Field</MemberType>
      <AssemblyInfo>
        <AssemblyVersion>1.0.0.8645</AssemblyVersion>
        <AssemblyVersion>2008.8.16.470</AssemblyVersion>
      </AssemblyInfo>
      <ReturnValue>
        <ReturnType>System.Double</ReturnType>
      </ReturnValue>
      <MemberValue>1.61803398874989</MemberValue>
      <Docs>
        <summary>(1+sqrt(5))/2</summary>
        <remarks>To be added.</remarks>
      </Docs>
    </Member>
    <Member MemberName="Grad">
      <MemberSignature Language="C#" Value="public const double Grad = 0.015707963267949;" />
      <MemberType>Field</MemberType>
      <AssemblyInfo>
        <AssemblyVersion>1.0.0.8645</AssemblyVersion>
        <AssemblyVersion>2008.8.16.470</AssemblyVersion>
      </AssemblyInfo>
      <ReturnValue>
        <ReturnType>System.Double</ReturnType>
      </ReturnValue>
      <MemberValue>0.015707963267949</MemberValue>
      <Docs>
        <summary>(pi)/200 - factor to convert from NewGrad (grad) to Radians (rad).</summary>
        <remarks>To be added.</remarks>
        <altmember cref="M:MathNet.Numerics.Trig.GradToRadian(System.Double)" />
        <altmember cref="M:MathNet.Numerics.Trig.RadianToGrad(System.Double)" />
      </Docs>
    </Member>
    <Member MemberName="HalfSqrt3">
      <MemberSignature Language="C#" Value="public const double HalfSqrt3 = 0.866025403784439;" />
      <MemberType>Field</MemberType>
      <AssemblyInfo>
        <AssemblyVersion>1.0.0.8645</AssemblyVersion>
        <AssemblyVersion>2008.8.16.470</AssemblyVersion>
      </AssemblyInfo>
      <ReturnValue>
        <ReturnType>System.Double</ReturnType>
      </ReturnValue>
      <MemberValue>0.866025403784439</MemberValue>
      <Docs>
        <summary>sqrt(3)/2</summary>
        <remarks>To be added.</remarks>
      </Docs>
    </Member>
    <Member MemberName="InvE">
      <MemberSignature Language="C#" Value="public const double InvE = 0.367879441171442;" />
      <MemberType>Field</MemberType>
      <AssemblyInfo>
        <AssemblyVersion>1.0.0.8645</AssemblyVersion>
        <AssemblyVersion>2008.8.16.470</AssemblyVersion>
      </AssemblyInfo>
      <ReturnValue>
        <ReturnType>System.Double</ReturnType>
      </ReturnValue>
      <MemberValue>0.367879441171442</MemberValue>
      <Docs>
        <summary>1/e</summary>
        <remarks>To be added.</remarks>
      </Docs>
    </Member>
    <Member MemberName="InvPi">
      <MemberSignature Language="C#" Value="public const double InvPi = 0.318309886183791;" />
      <MemberType>Field</MemberType>
      <AssemblyInfo>
        <AssemblyVersion>1.0.0.8645</AssemblyVersion>
        <AssemblyVersion>2008.8.16.470</AssemblyVersion>
      </AssemblyInfo>
      <ReturnValue>
        <ReturnType>System.Double</ReturnType>
      </ReturnValue>
      <MemberValue>0.318309886183791</MemberValue>
      <Docs>
        <summary>1/pi</summary>
        <remarks>To be added.</remarks>
      </Docs>
    </Member>
    <Member MemberName="InvSqrt2Pi">
      <MemberSignature Language="C#" Value="public const double InvSqrt2Pi = 0.398942280401433;" />
      <MemberType>Field</MemberType>
      <AssemblyInfo>
        <AssemblyVersion>1.0.0.8645</AssemblyVersion>
        <AssemblyVersion>2008.8.16.470</AssemblyVersion>
      </AssemblyInfo>
      <ReturnValue>
        <ReturnType>System.Double</ReturnType>
      </ReturnValue>
      <MemberValue>0.398942280401433</MemberValue>
      <Docs>
        <summary>1/sqrt(2pi)</summary>
        <remarks>To be added.</remarks>
      </Docs>
    </Member>
    <Member MemberName="InvSqrtPi">
      <MemberSignature Language="C#" Value="public const double InvSqrtPi = 0.564189583547756;" />
      <MemberType>Field</MemberType>
      <AssemblyInfo>
        <AssemblyVersion>1.0.0.8645</AssemblyVersion>
        <AssemblyVersion>2008.8.16.470</AssemblyVersion>
      </AssemblyInfo>
      <ReturnValue>
        <ReturnType>System.Double</ReturnType>
      </ReturnValue>
      <MemberValue>0.564189583547756</MemberValue>
      <Docs>
        <summary>1/sqrt(pi)</summary>
        <remarks>To be added.</remarks>
      </Docs>
    </Member>
    <Member MemberName="Khinchin">
      <MemberSignature Language="C#" Value="public const double Khinchin = 2.68545200106531;" />
      <MemberType>Field</MemberType>
      <AssemblyInfo>
        <AssemblyVersion>1.0.0.8645</AssemblyVersion>
        <AssemblyVersion>2008.8.16.470</AssemblyVersion>
      </AssemblyInfo>
      <ReturnValue>
        <ReturnType>System.Double</ReturnType>
      </ReturnValue>
      <MemberValue>2.68545200106531</MemberValue>
      <Docs>
        <summary>Khinchin constant</summary>
        <remarks>prod(k=1 -&gt; inf){1+1/(k*(k+2))^log(k,2)}</remarks>
      </Docs>
    </Member>
    <Member MemberName="Ln10">
      <MemberSignature Language="C#" Value="public const double Ln10 = 2.30258509299405;" />
      <MemberType>Field</MemberType>
      <AssemblyInfo>
        <AssemblyVersion>1.0.0.8645</AssemblyVersion>
        <AssemblyVersion>2008.8.16.470</AssemblyVersion>
      </AssemblyInfo>
      <ReturnValue>
        <ReturnType>System.Double</ReturnType>
      </ReturnValue>
      <MemberValue>2.30258509299405</MemberValue>
      <Docs>
        <summary>log[e](10)</summary>
        <remarks>To be added.</remarks>
      </Docs>
    </Member>
    <Member MemberName="Ln2">
      <MemberSignature Language="C#" Value="public const double Ln2 = 0.693147180559945;" />
      <MemberType>Field</MemberType>
      <AssemblyInfo>
        <AssemblyVersion>1.0.0.8645</AssemblyVersion>
        <AssemblyVersion>2008.8.16.470</AssemblyVersion>
      </AssemblyInfo>
      <ReturnValue>
        <ReturnType>System.Double</ReturnType>
      </ReturnValue>
      <MemberValue>0.693147180559945</MemberValue>
      <Docs>
        <summary>log[e](2)</summary>
        <remarks>To be added.</remarks>
      </Docs>
    </Member>
    <Member MemberName="LnPi">
      <MemberSignature Language="C#" Value="public const double LnPi = 1.1447298858494;" />
      <MemberType>Field</MemberType>
      <AssemblyInfo>
        <AssemblyVersion>1.0.0.8645</AssemblyVersion>
        <AssemblyVersion>2008.8.16.470</AssemblyVersion>
      </AssemblyInfo>
      <ReturnValue>
        <ReturnType>System.Double</ReturnType>
      </ReturnValue>
      <MemberValue>1.1447298858494</MemberValue>
      <Docs>
        <summary>log[e](pi)</summary>
        <remarks>To be added.</remarks>
      </Docs>
    </Member>
    <Member MemberName="Log10E">
      <MemberSignature Language="C#" Value="public const double Log10E = 0.434294481903252;" />
      <MemberType>Field</MemberType>
      <AssemblyInfo>
        <AssemblyVersion>1.0.0.8645</AssemblyVersion>
        <AssemblyVersion>2008.8.16.470</AssemblyVersion>
      </AssemblyInfo>
      <ReturnValue>
        <ReturnType>System.Double</ReturnType>
      </ReturnValue>
      <MemberValue>0.434294481903252</MemberValue>
      <Docs>
        <summary>log[10](e)</summary>
        <remarks>To be added.</remarks>
      </Docs>
    </Member>
    <Member MemberName="Log2E">
      <MemberSignature Language="C#" Value="public const double Log2E = 1.44269504088896;" />
      <MemberType>Field</MemberType>
      <AssemblyInfo>
        <AssemblyVersion>1.0.0.8645</AssemblyVersion>
        <AssemblyVersion>2008.8.16.470</AssemblyVersion>
      </AssemblyInfo>
      <ReturnValue>
        <ReturnType>System.Double</ReturnType>
      </ReturnValue>
      <MemberValue>1.44269504088896</MemberValue>
      <Docs>
        <summary>log[2](e)</summary>
        <remarks>To be added.</remarks>
      </Docs>
    </Member>
    <Member MemberName="NeutralDecibel">
      <MemberSignature Language="C#" Value="public const double NeutralDecibel = 0.230258509299405;" />
      <MemberType>Field</MemberType>
      <AssemblyInfo>
        <AssemblyVersion>1.0.0.8645</AssemblyVersion>
        <AssemblyVersion>2008.8.16.470</AssemblyVersion>
      </AssemblyInfo>
      <ReturnValue>
        <ReturnType>System.Double</ReturnType>
      </ReturnValue>
      <MemberValue>0.230258509299405</MemberValue>
      <Docs>
        <summary>ln(10)/10 - factor to convert from Neutral Decibel (dB) to Neper (Np). Use this version when either both or neither of the Decibel and the compared values represent powers.</summary>
        <remarks>To be added.</remarks>
        <altmember cref="M:MathNet.Numerics.Ratios.RatioToDecibel(System.Double)" />
        <altmember cref="M:MathNet.Numerics.Ratios.DecibelToRatio(System.Double)" />
        <altmember cref="M:MathNet.Numerics.Ratios.DecibelToValue(System.Double,System.Double)" />
      </Docs>
    </Member>
    <Member MemberName="Pi">
      <MemberSignature Language="C#" Value="public const double Pi = 3.14159265358979;" />
      <MemberType>Field</MemberType>
      <AssemblyInfo>
        <AssemblyVersion>1.0.0.8645</AssemblyVersion>
        <AssemblyVersion>2008.8.16.470</AssemblyVersion>
      </AssemblyInfo>
      <ReturnValue>
        <ReturnType>System.Double</ReturnType>
      </ReturnValue>
      <MemberValue>3.14159265358979</MemberValue>
      <Docs>
        <summary>pi</summary>
        <remarks>To be added.</remarks>
      </Docs>
    </Member>
    <Member MemberName="Pi_2">
      <MemberSignature Language="C#" Value="public const double Pi_2 = 1.5707963267949;" />
      <MemberType>Field</MemberType>
      <AssemblyInfo>
        <AssemblyVersion>1.0.0.8645</AssemblyVersion>
        <AssemblyVersion>2008.8.16.470</AssemblyVersion>
      </AssemblyInfo>
      <ReturnValue>
        <ReturnType>System.Double</ReturnType>
      </ReturnValue>
      <MemberValue>1.5707963267949</MemberValue>
      <Docs>
        <summary>pi/2</summary>
        <remarks>To be added.</remarks>
      </Docs>
    </Member>
    <Member MemberName="Pi_4">
      <MemberSignature Language="C#" Value="public const double Pi_4 = 0.785398163397448;" />
      <MemberType>Field</MemberType>
      <AssemblyInfo>
        <AssemblyVersion>1.0.0.8645</AssemblyVersion>
        <AssemblyVersion>2008.8.16.470</AssemblyVersion>
      </AssemblyInfo>
      <ReturnValue>
        <ReturnType>System.Double</ReturnType>
      </ReturnValue>
      <MemberValue>0.785398163397448</MemberValue>
      <Docs>
        <summary>pi/4</summary>
        <remarks>To be added.</remarks>
      </Docs>
    </Member>
    <Member MemberName="PowerDecibel">
      <MemberSignature Language="C#" Value="public const double PowerDecibel = 0.115129254649702;" />
      <MemberType>Field</MemberType>
      <AssemblyInfo>
        <AssemblyVersion>1.0.0.8645</AssemblyVersion>
        <AssemblyVersion>2008.8.16.470</AssemblyVersion>
      </AssemblyInfo>
      <ReturnValue>
        <ReturnType>System.Double</ReturnType>
      </ReturnValue>
      <MemberValue>0.115129254649702</MemberValue>
      <Docs>
        <summary>ln(10)/20 - factor to convert from Power Decibel (dB) to Neper (Np). Use this version when the Decibel represent a power gain but the compared values are not powers (e.g. amplitude, current, voltage).</summary>
        <remarks>To be added.</remarks>
        <altmember cref="M:MathNet.Numerics.Ratios.RatioToPowerDecibel(System.Double)" />
        <altmember cref="M:MathNet.Numerics.Ratios.PowerDecibelToRatio(System.Double)" />
        <altmember cref="M:MathNet.Numerics.Ratios.PowerDecibelToValue(System.Double,System.Double)" />
      </Docs>
    </Member>
    <Member MemberName="Sqrt1_2">
      <MemberSignature Language="C#" Value="public const double Sqrt1_2 = 0.707106781186548;" />
      <MemberType>Field</MemberType>
      <AssemblyInfo>
        <AssemblyVersion>1.0.0.8645</AssemblyVersion>
        <AssemblyVersion>2008.8.16.470</AssemblyVersion>
      </AssemblyInfo>
      <ReturnValue>
        <ReturnType>System.Double</ReturnType>
      </ReturnValue>
      <MemberValue>0.707106781186548</MemberValue>
      <Docs>
        <summary>sqrt(1/2) = 1/sqrt(2) = sqrt(2)/2</summary>
        <remarks>To be added.</remarks>
      </Docs>
    </Member>
    <Member MemberName="Sqrt2">
      <MemberSignature Language="C#" Value="public const double Sqrt2 = 1.4142135623731;" />
      <MemberType>Field</MemberType>
      <AssemblyInfo>
        <AssemblyVersion>1.0.0.8645</AssemblyVersion>
        <AssemblyVersion>2008.8.16.470</AssemblyVersion>
      </AssemblyInfo>
      <ReturnValue>
        <ReturnType>System.Double</ReturnType>
      </ReturnValue>
      <MemberValue>1.4142135623731</MemberValue>
      <Docs>
        <summary>sqrt(2)</summary>
        <remarks>To be added.</remarks>
      </Docs>
    </Member>
    <Member MemberName="Sqrt2Pi">
      <MemberSignature Language="C#" Value="public const double Sqrt2Pi = 2.506628274631;" />
      <MemberType>Field</MemberType>
      <AssemblyInfo>
        <AssemblyVersion>1.0.0.8645</AssemblyVersion>
        <AssemblyVersion>2008.8.16.470</AssemblyVersion>
      </AssemblyInfo>
      <ReturnValue>
        <ReturnType>System.Double</ReturnType>
      </ReturnValue>
      <MemberValue>2.506628274631</MemberValue>
      <Docs>
        <summary>sqrt(2pi)</summary>
        <remarks>To be added.</remarks>
      </Docs>
    </Member>
    <Member MemberName="SqrtE">
      <MemberSignature Language="C#" Value="public const double SqrtE = 1.64872127070013;" />
      <MemberType>Field</MemberType>
      <AssemblyInfo>
        <AssemblyVersion>1.0.0.8645</AssemblyVersion>
        <AssemblyVersion>2008.8.16.470</AssemblyVersion>
      </AssemblyInfo>
      <ReturnValue>
        <ReturnType>System.Double</ReturnType>
      </ReturnValue>
      <MemberValue>1.64872127070013</MemberValue>
      <Docs>
        <summary>sqrt(e)</summary>
        <remarks>To be added.</remarks>
      </Docs>
    </Member>
    <Member MemberName="SqrtPi">
      <MemberSignature Language="C#" Value="public const double SqrtPi = 1.77245385090552;" />
      <MemberType>Field</MemberType>
      <AssemblyInfo>
        <AssemblyVersion>1.0.0.8645</AssemblyVersion>
        <AssemblyVersion>2008.8.16.470</AssemblyVersion>
      </AssemblyInfo>
      <ReturnValue>
        <ReturnType>System.Double</ReturnType>
      </ReturnValue>
      <MemberValue>1.77245385090552</MemberValue>
      <Docs>
        <summary>sqrt(pi)</summary>
        <remarks>To be added.</remarks>
      </Docs>
    </Member>
    <Member MemberName="TwoInvPi">
      <MemberSignature Language="C#" Value="public const double TwoInvPi = 0.636619772367581;" />
      <MemberType>Field</MemberType>
      <AssemblyInfo>
        <AssemblyVersion>1.0.0.8645</AssemblyVersion>
        <AssemblyVersion>2008.8.16.470</AssemblyVersion>
      </AssemblyInfo>
      <ReturnValue>
        <ReturnType>System.Double</ReturnType>
      </ReturnValue>
      <MemberValue>0.636619772367581</MemberValue>
      <Docs>
        <summary>2/pi</summary>
        <remarks>To be added.</remarks>
      </Docs>
    </Member>
    <Member MemberName="TwoInvSqrtPi">
      <MemberSignature Language="C#" Value="public const double TwoInvSqrtPi = 1.12837916709551;" />
      <MemberType>Field</MemberType>
      <AssemblyInfo>
        <AssemblyVersion>1.0.0.8645</AssemblyVersion>
        <AssemblyVersion>2008.8.16.470</AssemblyVersion>
      </AssemblyInfo>
      <ReturnValue>
        <ReturnType>System.Double</ReturnType>
      </ReturnValue>
      <MemberValue>1.12837916709551</MemberValue>
      <Docs>
        <summary>2/sqrt(pi)</summary>
        <remarks>To be added.</remarks>
      </Docs>
    </Member>
  </Members>
</Type>
