<Type Name="IRealFunction" FullName="MathNet.Numerics.IRealFunction">
  <TypeSignature Language="C#" Value="public interface IRealFunction" />
  <AssemblyInfo>
    <AssemblyName>MathNet.Iridium</AssemblyName>
    <AssemblyVersion>1.0.0.8645</AssemblyVersion>
    <AssemblyVersion>2008.8.16.470</AssemblyVersion>
  </AssemblyInfo>
  <Interfaces />
  <Docs>
    <summary>
            The interface <c>IRealFunction</c> defines an interface
            of real valued function with one real argument.
            </summary>
    <remarks>
            This interface will typically be implemented for
            distributions. See <see cref="N:MathNet.Numerics.Distributions" />.
            </remarks>
  </Docs>
  <Members>
    <Member MemberName="ValueOf">
      <MemberSignature Language="C#" Value="public double ValueOf (double input);" />
      <MemberType>Method</MemberType>
      <AssemblyInfo>
        <AssemblyVersion>1.0.0.8645</AssemblyVersion>
        <AssemblyVersion>2008.8.16.470</AssemblyVersion>
      </AssemblyInfo>
      <ReturnValue>
        <ReturnType>System.Double</ReturnType>
      </ReturnValue>
      <Parameters>
        <Parameter Name="input" Type="System.Double" />
      </Parameters>
      <Docs>
        <param name="input">To be added.</param>
        <summary>Gets the function value associated the provided
            <c>input</c> value.</summary>
        <returns>To be added.</returns>
        <remarks>The semantic associated to this interface is
            <i>deterministic function</i> (the same input should
            lead to the same returned value).</remarks>
      </Docs>
    </Member>
  </Members>
</Type>
