<Type Name="ReadOnlySet&lt;T&gt;" FullName="MathNet.Numerics.ReadOnlySet&lt;T&gt;">
  <TypeSignature Language="C#" Value="public class ReadOnlySet&lt;T&gt; : System.Collections.ObjectModel.ReadOnlyCollection&lt;T&gt;, MathNet.Numerics.ISet&lt;T&gt; where T : IEquatable&lt;T&gt;" />
  <AssemblyInfo>
    <AssemblyName>MathNet.Iridium</AssemblyName>
    <AssemblyVersion>1.0.0.8645</AssemblyVersion>
    <AssemblyVersion>2008.8.16.470</AssemblyVersion>
  </AssemblyInfo>
  <TypeParameters>
    <TypeParameter Name="T">
      <Constraints>
        <InterfaceName>System.IEquatable&lt;T&gt;</InterfaceName>
      </Constraints>
    </TypeParameter>
  </TypeParameters>
  <Base>
    <BaseTypeName>System.Collections.ObjectModel.ReadOnlyCollection&lt;T&gt;</BaseTypeName>
    <BaseTypeArguments>
      <BaseTypeArgument TypeParamName="T">T</BaseTypeArgument>
    </BaseTypeArguments>
  </Base>
  <Interfaces>
    <Interface>
      <InterfaceName>MathNet.Numerics.ISet&lt;T&gt;</InterfaceName>
    </Interface>
  </Interfaces>
  <Docs>
    <typeparam name="T">To be added.</typeparam>
    <summary>
            A generic typed set which is read-only.
            </summary>
    <remarks>To be added.</remarks>
  </Docs>
  <Members>
    <Member MemberName=".ctor">
      <MemberSignature Language="C#" Value="public ReadOnlySet (System.Collections.Generic.IList&lt;T&gt; list);" />
      <MemberType>Constructor</MemberType>
      <AssemblyInfo>
        <AssemblyVersion>1.0.0.8645</AssemblyVersion>
        <AssemblyVersion>2008.8.16.470</AssemblyVersion>
      </AssemblyInfo>
      <Parameters>
        <Parameter Name="list" Type="System.Collections.Generic.IList&lt;T&gt;" />
      </Parameters>
      <Docs>
        <param name="list">To be added.</param>
        <summary>
            Create a read-only set.
            </summary>
        <remarks>To be added.</remarks>
      </Docs>
    </Member>
    <Member MemberName="ConvertAll&lt;TOutput&gt;">
      <MemberSignature Language="C#" Value="public MathNet.Numerics.Set&lt;TOutput&gt; ConvertAll&lt;TOutput&gt; (Converter&lt;T,TOutput&gt; convert) where TOutput : IEquatable&lt;T&gt;;" />
      <MemberType>Method</MemberType>
      <AssemblyInfo>
        <AssemblyVersion>1.0.0.8645</AssemblyVersion>
        <AssemblyVersion>2008.8.16.470</AssemblyVersion>
      </AssemblyInfo>
      <ReturnValue>
        <ReturnType>MathNet.Numerics.Set&lt;TOutput&gt;</ReturnType>
      </ReturnValue>
      <TypeParameters>
        <TypeParameter Name="TOutput">
          <Constraints>
            <InterfaceName>System.IEquatable&lt;T&gt;</InterfaceName>
          </Constraints>
        </TypeParameter>
      </TypeParameters>
      <Parameters>
        <Parameter Name="convert" Type="System.Converter&lt;T,TOutput&gt;" />
      </Parameters>
      <Docs>
        <typeparam name="TOutput">To be added.</typeparam>
        <param name="convert">To be added.</param>
        <summary>
            Maps <c>convert</c> to all elements of this set.
            </summary>
        <returns>To be added.</returns>
        <remarks>To be added.</remarks>
      </Docs>
    </Member>
    <Member MemberName="CreateNewSet">
      <MemberSignature Language="C#" Value="protected virtual MathNet.Numerics.Set&lt;T&gt; CreateNewSet ();" />
      <MemberType>Method</MemberType>
      <AssemblyInfo>
        <AssemblyVersion>1.0.0.8645</AssemblyVersion>
        <AssemblyVersion>2008.8.16.470</AssemblyVersion>
      </AssemblyInfo>
      <ReturnValue>
        <ReturnType>MathNet.Numerics.Set&lt;T&gt;</ReturnType>
      </ReturnValue>
      <Parameters />
      <Docs>
        <summary>
            Override this when you derive from this class.
            </summary>
        <returns>To be added.</returns>
        <remarks>To be added.</remarks>
      </Docs>
    </Member>
    <Member MemberName="Exists">
      <MemberSignature Language="C#" Value="public bool Exists (Predicate&lt;T&gt; match);" />
      <MemberType>Method</MemberType>
      <AssemblyInfo>
        <AssemblyVersion>1.0.0.8645</AssemblyVersion>
        <AssemblyVersion>2008.8.16.470</AssemblyVersion>
      </AssemblyInfo>
      <ReturnValue>
        <ReturnType>System.Boolean</ReturnType>
      </ReturnValue>
      <Parameters>
        <Parameter Name="match" Type="System.Predicate&lt;T&gt;" />
      </Parameters>
      <Docs>
        <param name="match">To be added.</param>
        <summary>
            Check whether this set has an element witch matches the predicate.
            </summary>
        <returns>To be added.</returns>
        <remarks>To be added.</remarks>
      </Docs>
    </Member>
    <Member MemberName="Exists">
      <MemberSignature Language="C#" Value="public bool Exists (Predicate&lt;T&gt; match, out T foundItem);" />
      <MemberType>Method</MemberType>
      <AssemblyInfo>
        <AssemblyVersion>1.0.0.8645</AssemblyVersion>
        <AssemblyVersion>2008.8.16.470</AssemblyVersion>
      </AssemblyInfo>
      <ReturnValue>
        <ReturnType>System.Boolean</ReturnType>
      </ReturnValue>
      <Parameters>
        <Parameter Name="match" Type="System.Predicate&lt;T&gt;" />
        <Parameter Name="foundItem" Type="T&amp;" RefType="out" />
      </Parameters>
      <Docs>
        <param name="match">To be added.</param>
        <param name="foundItem">To be added.</param>
        <summary>
            Check whether this set has an element witch matches the predicate, and returns it as foundItem-parameter.
            </summary>
        <returns>To be added.</returns>
        <remarks>To be added.</remarks>
      </Docs>
    </Member>
    <Member MemberName="Find">
      <MemberSignature Language="C#" Value="public T Find (Predicate&lt;T&gt; match);" />
      <MemberType>Method</MemberType>
      <AssemblyInfo>
        <AssemblyVersion>1.0.0.8645</AssemblyVersion>
        <AssemblyVersion>2008.8.16.470</AssemblyVersion>
      </AssemblyInfo>
      <ReturnValue>
        <ReturnType>T</ReturnType>
      </ReturnValue>
      <Parameters>
        <Parameter Name="match" Type="System.Predicate&lt;T&gt;" />
      </Parameters>
      <Docs>
        <param name="match">To be added.</param>
        <summary>
            Finds an element of this set that matches the predicate.
            </summary>
        <returns>To be added.</returns>
        <remarks>To be added.</remarks>
      </Docs>
    </Member>
    <Member MemberName="FindAll">
      <MemberSignature Language="C#" Value="public MathNet.Numerics.Set&lt;T&gt; FindAll (Predicate&lt;T&gt; match);" />
      <MemberType>Method</MemberType>
      <AssemblyInfo>
        <AssemblyVersion>1.0.0.8645</AssemblyVersion>
        <AssemblyVersion>2008.8.16.470</AssemblyVersion>
      </AssemblyInfo>
      <ReturnValue>
        <ReturnType>MathNet.Numerics.Set&lt;T&gt;</ReturnType>
      </ReturnValue>
      <Parameters>
        <Parameter Name="match" Type="System.Predicate&lt;T&gt;" />
      </Parameters>
      <Docs>
        <param name="match">To be added.</param>
        <summary>
            Finds all elements of this set which match the predicate.
            </summary>
        <returns>To be added.</returns>
        <remarks>To be added.</remarks>
      </Docs>
    </Member>
    <Member MemberName="FindIndex">
      <MemberSignature Language="C#" Value="public int FindIndex (Predicate&lt;T&gt; match);" />
      <MemberType>Method</MemberType>
      <AssemblyInfo>
        <AssemblyVersion>1.0.0.8645</AssemblyVersion>
        <AssemblyVersion>2008.8.16.470</AssemblyVersion>
      </AssemblyInfo>
      <ReturnValue>
        <ReturnType>System.Int32</ReturnType>
      </ReturnValue>
      <Parameters>
        <Parameter Name="match" Type="System.Predicate&lt;T&gt;" />
      </Parameters>
      <Docs>
        <param name="match">To be added.</param>
        <summary>
            Finds the index of an element of this set that matches the predicate.
            </summary>
        <returns>To be added.</returns>
        <remarks>To be added.</remarks>
      </Docs>
    </Member>
    <Member MemberName="FindIndex">
      <MemberSignature Language="C#" Value="public int FindIndex (int startIndex, Predicate&lt;T&gt; match);" />
      <MemberType>Method</MemberType>
      <AssemblyInfo>
        <AssemblyVersion>1.0.0.8645</AssemblyVersion>
        <AssemblyVersion>2008.8.16.470</AssemblyVersion>
      </AssemblyInfo>
      <ReturnValue>
        <ReturnType>System.Int32</ReturnType>
      </ReturnValue>
      <Parameters>
        <Parameter Name="startIndex" Type="System.Int32" />
        <Parameter Name="match" Type="System.Predicate&lt;T&gt;" />
      </Parameters>
      <Docs>
        <param name="startIndex">To be added.</param>
        <param name="match">To be added.</param>
        <summary>
            Finds the index (after startIndex) of an element of this set that matches the predicate.
            </summary>
        <returns>To be added.</returns>
        <remarks>To be added.</remarks>
      </Docs>
    </Member>
    <Member MemberName="FindIndex">
      <MemberSignature Language="C#" Value="public int FindIndex (int startIndex, int count, Predicate&lt;T&gt; match);" />
      <MemberType>Method</MemberType>
      <AssemblyInfo>
        <AssemblyVersion>1.0.0.8645</AssemblyVersion>
        <AssemblyVersion>2008.8.16.470</AssemblyVersion>
      </AssemblyInfo>
      <ReturnValue>
        <ReturnType>System.Int32</ReturnType>
      </ReturnValue>
      <Parameters>
        <Parameter Name="startIndex" Type="System.Int32" />
        <Parameter Name="count" Type="System.Int32" />
        <Parameter Name="match" Type="System.Predicate&lt;T&gt;" />
      </Parameters>
      <Docs>
        <param name="startIndex">To be added.</param>
        <param name="count">To be added.</param>
        <param name="match">To be added.</param>
        <summary>
            Finds the index (between startIndex and startIndex+count-1) of an element of this set that matches the predicate.
            </summary>
        <returns>To be added.</returns>
        <remarks>To be added.</remarks>
      </Docs>
    </Member>
    <Member MemberName="FindLast">
      <MemberSignature Language="C#" Value="public T FindLast (Predicate&lt;T&gt; match);" />
      <MemberType>Method</MemberType>
      <AssemblyInfo>
        <AssemblyVersion>1.0.0.8645</AssemblyVersion>
        <AssemblyVersion>2008.8.16.470</AssemblyVersion>
      </AssemblyInfo>
      <ReturnValue>
        <ReturnType>T</ReturnType>
      </ReturnValue>
      <Parameters>
        <Parameter Name="match" Type="System.Predicate&lt;T&gt;" />
      </Parameters>
      <Docs>
        <param name="match">To be added.</param>
        <summary>
            Finds the last element of this set that matches the predicate.
            </summary>
        <returns>To be added.</returns>
        <remarks>To be added.</remarks>
      </Docs>
    </Member>
    <Member MemberName="FindLastIndex">
      <MemberSignature Language="C#" Value="public int FindLastIndex (Predicate&lt;T&gt; match);" />
      <MemberType>Method</MemberType>
      <AssemblyInfo>
        <AssemblyVersion>1.0.0.8645</AssemblyVersion>
        <AssemblyVersion>2008.8.16.470</AssemblyVersion>
      </AssemblyInfo>
      <ReturnValue>
        <ReturnType>System.Int32</ReturnType>
      </ReturnValue>
      <Parameters>
        <Parameter Name="match" Type="System.Predicate&lt;T&gt;" />
      </Parameters>
      <Docs>
        <param name="match">To be added.</param>
        <summary>
            Finds the index of the last element of this set that matches the predicate.
            </summary>
        <returns>To be added.</returns>
        <remarks>To be added.</remarks>
      </Docs>
    </Member>
    <Member MemberName="FindLastIndex">
      <MemberSignature Language="C#" Value="public int FindLastIndex (int startIndex, Predicate&lt;T&gt; match);" />
      <MemberType>Method</MemberType>
      <AssemblyInfo>
        <AssemblyVersion>1.0.0.8645</AssemblyVersion>
        <AssemblyVersion>2008.8.16.470</AssemblyVersion>
      </AssemblyInfo>
      <ReturnValue>
        <ReturnType>System.Int32</ReturnType>
      </ReturnValue>
      <Parameters>
        <Parameter Name="startIndex" Type="System.Int32" />
        <Parameter Name="match" Type="System.Predicate&lt;T&gt;" />
      </Parameters>
      <Docs>
        <param name="startIndex">To be added.</param>
        <param name="match">To be added.</param>
        <summary>
            Finds the index (after startIndex) of the last element of this set that matches the predicate.
            </summary>
        <returns>To be added.</returns>
        <remarks>To be added.</remarks>
      </Docs>
    </Member>
    <Member MemberName="FindLastIndex">
      <MemberSignature Language="C#" Value="public int FindLastIndex (int startIndex, int count, Predicate&lt;T&gt; match);" />
      <MemberType>Method</MemberType>
      <AssemblyInfo>
        <AssemblyVersion>1.0.0.8645</AssemblyVersion>
        <AssemblyVersion>2008.8.16.470</AssemblyVersion>
      </AssemblyInfo>
      <ReturnValue>
        <ReturnType>System.Int32</ReturnType>
      </ReturnValue>
      <Parameters>
        <Parameter Name="startIndex" Type="System.Int32" />
        <Parameter Name="count" Type="System.Int32" />
        <Parameter Name="match" Type="System.Predicate&lt;T&gt;" />
      </Parameters>
      <Docs>
        <param name="startIndex">To be added.</param>
        <param name="count">To be added.</param>
        <param name="match">To be added.</param>
        <summary>
            Finds the index (between startIndex and startIndex+count-1) of the last element of this set that matches the predicate.
            </summary>
        <returns>To be added.</returns>
        <remarks>To be added.</remarks>
      </Docs>
    </Member>
    <Member MemberName="ForEach">
      <MemberSignature Language="C#" Value="public void ForEach (Action&lt;T&gt; action);" />
      <MemberType>Method</MemberType>
      <AssemblyInfo>
        <AssemblyVersion>1.0.0.8645</AssemblyVersion>
        <AssemblyVersion>2008.8.16.470</AssemblyVersion>
      </AssemblyInfo>
      <ReturnValue>
        <ReturnType>System.Void</ReturnType>
      </ReturnValue>
      <Parameters>
        <Parameter Name="action" Type="System.Action&lt;T&gt;" />
      </Parameters>
      <Docs>
        <param name="action">To be added.</param>
        <summary>
            Executes the action for all elements of this set.
            </summary>
        <remarks>To be added.</remarks>
      </Docs>
    </Member>
    <Member MemberName="HasEqualElements">
      <MemberSignature Language="C#" Value="public bool HasEqualElements (System.Collections.Generic.IEnumerable&lt;T&gt; c);" />
      <MemberType>Method</MemberType>
      <AssemblyInfo>
        <AssemblyVersion>1.0.0.8645</AssemblyVersion>
        <AssemblyVersion>2008.8.16.470</AssemblyVersion>
      </AssemblyInfo>
      <ReturnValue>
        <ReturnType>System.Boolean</ReturnType>
      </ReturnValue>
      <Parameters>
        <Parameter Name="c" Type="System.Collections.Generic.IEnumerable&lt;T&gt;" />
      </Parameters>
      <Docs>
        <param name="c">To be added.</param>
        <summary>
            Checks whether this set has elements that are also in <c>c</c>.
            </summary>
        <returns>To be added.</returns>
        <remarks>Ingnores duplicate elements.</remarks>
      </Docs>
    </Member>
    <Member MemberName="IsSubset">
      <MemberSignature Language="C#" Value="public bool IsSubset (System.Collections.Generic.IEnumerable&lt;T&gt; c);" />
      <MemberType>Method</MemberType>
      <AssemblyInfo>
        <AssemblyVersion>1.0.0.8645</AssemblyVersion>
        <AssemblyVersion>2008.8.16.470</AssemblyVersion>
      </AssemblyInfo>
      <ReturnValue>
        <ReturnType>System.Boolean</ReturnType>
      </ReturnValue>
      <Parameters>
        <Parameter Name="c" Type="System.Collections.Generic.IEnumerable&lt;T&gt;" />
      </Parameters>
      <Docs>
        <param name="c">To be added.</param>
        <summary>
            Checks whether <c>c</c> is a subset of this set.
            </summary>
        <returns>To be added.</returns>
        <remarks>To be added.</remarks>
      </Docs>
    </Member>
    <Member MemberName="IsSuperset">
      <MemberSignature Language="C#" Value="public bool IsSuperset (System.Collections.Generic.IEnumerable&lt;T&gt; c);" />
      <MemberType>Method</MemberType>
      <AssemblyInfo>
        <AssemblyVersion>1.0.0.8645</AssemblyVersion>
        <AssemblyVersion>2008.8.16.470</AssemblyVersion>
      </AssemblyInfo>
      <ReturnValue>
        <ReturnType>System.Boolean</ReturnType>
      </ReturnValue>
      <Parameters>
        <Parameter Name="c" Type="System.Collections.Generic.IEnumerable&lt;T&gt;" />
      </Parameters>
      <Docs>
        <param name="c">To be added.</param>
        <summary>
            Checks whether this set is a subset of <c>c</c>, or if <c>c</c> is a superset of this set.
            </summary>
        <returns>To be added.</returns>
        <remarks>To be added.</remarks>
      </Docs>
    </Member>
    <Member MemberName="LastIndexOf">
      <MemberSignature Language="C#" Value="public int LastIndexOf (T item);" />
      <MemberType>Method</MemberType>
      <AssemblyInfo>
        <AssemblyVersion>1.0.0.8645</AssemblyVersion>
        <AssemblyVersion>2008.8.16.470</AssemblyVersion>
      </AssemblyInfo>
      <ReturnValue>
        <ReturnType>System.Int32</ReturnType>
      </ReturnValue>
      <Parameters>
        <Parameter Name="item" Type="T" />
      </Parameters>
      <Docs>
        <param name="item">To be added.</param>
        <summary>
            Finds the last index of element <c>item</c>.
            </summary>
        <returns>To be added.</returns>
        <remarks>To be added.</remarks>
      </Docs>
    </Member>
    <Member MemberName="MathNet.Numerics.ISet&lt;T&gt;.AddDistinct">
      <MemberSignature Language="C#" Value="void ISet&lt;T&gt;.AddDistinct (T item);" />
      <MemberType>Method</MemberType>
      <AssemblyInfo>
        <AssemblyVersion>1.0.0.8645</AssemblyVersion>
        <AssemblyVersion>2008.8.16.470</AssemblyVersion>
      </AssemblyInfo>
      <ReturnValue>
        <ReturnType>System.Void</ReturnType>
      </ReturnValue>
      <Parameters>
        <Parameter Name="item" Type="T" />
      </Parameters>
      <Docs>
        <param name="item">To be added.</param>
        <summary>To be added.</summary>
        <remarks>To be added.</remarks>
      </Docs>
    </Member>
    <Member MemberName="MathNet.Numerics.ISet&lt;T&gt;.AddRange">
      <MemberSignature Language="C#" Value="void ISet&lt;T&gt;.AddRange (System.Collections.Generic.IEnumerable&lt;T&gt; range);" />
      <MemberType>Method</MemberType>
      <AssemblyInfo>
        <AssemblyVersion>1.0.0.8645</AssemblyVersion>
        <AssemblyVersion>2008.8.16.470</AssemblyVersion>
      </AssemblyInfo>
      <ReturnValue>
        <ReturnType>System.Void</ReturnType>
      </ReturnValue>
      <Parameters>
        <Parameter Name="range" Type="System.Collections.Generic.IEnumerable&lt;T&gt;" />
      </Parameters>
      <Docs>
        <param name="range">To be added.</param>
        <summary>To be added.</summary>
        <remarks>To be added.</remarks>
      </Docs>
    </Member>
    <Member MemberName="MathNet.Numerics.ISet&lt;T&gt;.AddRangeDistinct">
      <MemberSignature Language="C#" Value="void ISet&lt;T&gt;.AddRangeDistinct (System.Collections.Generic.IEnumerable&lt;T&gt; range);" />
      <MemberType>Method</MemberType>
      <AssemblyInfo>
        <AssemblyVersion>1.0.0.8645</AssemblyVersion>
        <AssemblyVersion>2008.8.16.470</AssemblyVersion>
      </AssemblyInfo>
      <ReturnValue>
        <ReturnType>System.Void</ReturnType>
      </ReturnValue>
      <Parameters>
        <Parameter Name="range" Type="System.Collections.Generic.IEnumerable&lt;T&gt;" />
      </Parameters>
      <Docs>
        <param name="range">To be added.</param>
        <summary>To be added.</summary>
        <remarks>To be added.</remarks>
      </Docs>
    </Member>
    <Member MemberName="MathNet.Numerics.ISet&lt;T&gt;.RemoveAll">
      <MemberSignature Language="C#" Value="int ISet&lt;T&gt;.RemoveAll (Predicate&lt;T&gt; match);" />
      <MemberType>Method</MemberType>
      <AssemblyInfo>
        <AssemblyVersion>1.0.0.8645</AssemblyVersion>
        <AssemblyVersion>2008.8.16.470</AssemblyVersion>
      </AssemblyInfo>
      <ReturnValue>
        <ReturnType>System.Int32</ReturnType>
      </ReturnValue>
      <Parameters>
        <Parameter Name="match" Type="System.Predicate&lt;T&gt;" />
      </Parameters>
      <Docs>
        <param name="match">To be added.</param>
        <summary>To be added.</summary>
        <returns>To be added.</returns>
        <remarks>To be added.</remarks>
      </Docs>
    </Member>
    <Member MemberName="MathNet.Numerics.ISet&lt;T&gt;.RemoveDuplicates">
      <MemberSignature Language="C#" Value="void ISet&lt;T&gt;.RemoveDuplicates ();" />
      <MemberType>Method</MemberType>
      <AssemblyInfo>
        <AssemblyVersion>1.0.0.8645</AssemblyVersion>
        <AssemblyVersion>2008.8.16.470</AssemblyVersion>
      </AssemblyInfo>
      <ReturnValue>
        <ReturnType>System.Void</ReturnType>
      </ReturnValue>
      <Parameters />
      <Docs>
        <summary>To be added.</summary>
        <remarks>To be added.</remarks>
      </Docs>
    </Member>
    <Member MemberName="MathNet.Numerics.ISet&lt;T&gt;.Sort">
      <MemberSignature Language="C#" Value="void ISet&lt;T&gt;.Sort (System.Collections.Generic.IComparer&lt;T&gt; comparer);" />
      <MemberType>Method</MemberType>
      <AssemblyInfo>
        <AssemblyVersion>1.0.0.8645</AssemblyVersion>
        <AssemblyVersion>2008.8.16.470</AssemblyVersion>
      </AssemblyInfo>
      <ReturnValue>
        <ReturnType>System.Void</ReturnType>
      </ReturnValue>
      <Parameters>
        <Parameter Name="comparer" Type="System.Collections.Generic.IComparer&lt;T&gt;" />
      </Parameters>
      <Docs>
        <param name="comparer">To be added.</param>
        <summary>To be added.</summary>
        <remarks>To be added.</remarks>
      </Docs>
    </Member>
    <Member MemberName="MathNet.Numerics.ISet&lt;T&gt;.Sort">
      <MemberSignature Language="C#" Value="void ISet&lt;T&gt;.Sort (int index, int count, System.Collections.Generic.IComparer&lt;T&gt; comparer);" />
      <MemberType>Method</MemberType>
      <AssemblyInfo>
        <AssemblyVersion>1.0.0.8645</AssemblyVersion>
        <AssemblyVersion>2008.8.16.470</AssemblyVersion>
      </AssemblyInfo>
      <ReturnValue>
        <ReturnType>System.Void</ReturnType>
      </ReturnValue>
      <Parameters>
        <Parameter Name="index" Type="System.Int32" />
        <Parameter Name="count" Type="System.Int32" />
        <Parameter Name="comparer" Type="System.Collections.Generic.IComparer&lt;T&gt;" />
      </Parameters>
      <Docs>
        <param name="index">To be added.</param>
        <param name="count">To be added.</param>
        <param name="comparer">To be added.</param>
        <summary>To be added.</summary>
        <remarks>To be added.</remarks>
      </Docs>
    </Member>
    <Member MemberName="ToArray">
      <MemberSignature Language="C#" Value="public T[] ToArray ();" />
      <MemberType>Method</MemberType>
      <AssemblyInfo>
        <AssemblyVersion>1.0.0.8645</AssemblyVersion>
        <AssemblyVersion>2008.8.16.470</AssemblyVersion>
      </AssemblyInfo>
      <ReturnValue>
        <ReturnType>T[]</ReturnType>
      </ReturnValue>
      <Parameters />
      <Docs>
        <summary>
            Create an array with all elements of this set.
            </summary>
        <returns>To be added.</returns>
        <remarks>To be added.</remarks>
      </Docs>
    </Member>
    <Member MemberName="TrueForAll">
      <MemberSignature Language="C#" Value="public bool TrueForAll (Predicate&lt;T&gt; match);" />
      <MemberType>Method</MemberType>
      <AssemblyInfo>
        <AssemblyVersion>1.0.0.8645</AssemblyVersion>
        <AssemblyVersion>2008.8.16.470</AssemblyVersion>
      </AssemblyInfo>
      <ReturnValue>
        <ReturnType>System.Boolean</ReturnType>
      </ReturnValue>
      <Parameters>
        <Parameter Name="match" Type="System.Predicate&lt;T&gt;" />
      </Parameters>
      <Docs>
        <param name="match">To be added.</param>
        <summary>
            Checks wether all elements of this set match the predicate.
            </summary>
        <returns>To be added.</returns>
        <remarks>To be added.</remarks>
      </Docs>
    </Member>
  </Members>
</Type>
