<Type Name="SampleList" FullName="MathNet.Numerics.SampleList">
  <TypeSignature Language="C#" Value="public class SampleList : ICloneable, System.Collections.IDictionary" />
  <AssemblyInfo>
    <AssemblyName>MathNet.Iridium</AssemblyName>
    <AssemblyVersion>1.0.0.8645</AssemblyVersion>
    <AssemblyVersion>2008.8.16.470</AssemblyVersion>
  </AssemblyInfo>
  <Base>
    <BaseTypeName>System.Object</BaseTypeName>
  </Base>
  <Interfaces>
    <Interface>
      <InterfaceName>System.Collections.IDictionary</InterfaceName>
    </Interface>
    <Interface>
      <InterfaceName>System.ICloneable</InterfaceName>
    </Interface>
  </Interfaces>
  <Docs>
    <summary>
            SampleList is a sorted list in ascending order for discrete function samples x=f(t) or value pairs (t,x).
            Multiple values x for the same t are replaced with the mean.
            </summary>
    <remarks>
            This list is designed for rare additions and removals only and is slow when adding
            items in not-ascending order. Better fill it directly in the constructor.
            </remarks>
  </Docs>
  <Members>
    <Member MemberName=".ctor">
      <MemberSignature Language="C#" Value="public SampleList ();" />
      <MemberType>Constructor</MemberType>
      <AssemblyInfo>
        <AssemblyVersion>1.0.0.8645</AssemblyVersion>
        <AssemblyVersion>2008.8.16.470</AssemblyVersion>
      </AssemblyInfo>
      <Parameters />
      <Docs>
        <summary>
            Create a new sample list.
            </summary>
        <remarks>To be added.</remarks>
      </Docs>
    </Member>
    <Member MemberName=".ctor">
      <MemberSignature Language="C#" Value="public SampleList (System.Collections.IDictionary d);" />
      <MemberType>Constructor</MemberType>
      <AssemblyInfo>
        <AssemblyVersion>1.0.0.8645</AssemblyVersion>
        <AssemblyVersion>2008.8.16.470</AssemblyVersion>
      </AssemblyInfo>
      <Parameters>
        <Parameter Name="d" Type="System.Collections.IDictionary" />
      </Parameters>
      <Docs>
        <param name="d">To be added.</param>
        <summary>
            Create a new sample list.
            </summary>
        <remarks>To be added.</remarks>
      </Docs>
    </Member>
    <Member MemberName=".ctor">
      <MemberSignature Language="C#" Value="public SampleList (int capacity);" />
      <MemberType>Constructor</MemberType>
      <AssemblyInfo>
        <AssemblyVersion>1.0.0.8645</AssemblyVersion>
        <AssemblyVersion>2008.8.16.470</AssemblyVersion>
      </AssemblyInfo>
      <Parameters>
        <Parameter Name="capacity" Type="System.Int32" />
      </Parameters>
      <Docs>
        <param name="capacity">initial capacity</param>
        <summary>
            Create a new sample list.
            </summary>
        <remarks>To be added.</remarks>
      </Docs>
    </Member>
    <Member MemberName=".ctor">
      <MemberSignature Language="C#" Value="public SampleList (System.Collections.Generic.IList&lt;double&gt; t, System.Collections.Generic.IList&lt;double&gt; x);" />
      <MemberType>Constructor</MemberType>
      <AssemblyInfo>
        <AssemblyVersion>1.0.0.8645</AssemblyVersion>
        <AssemblyVersion>2008.8.16.470</AssemblyVersion>
      </AssemblyInfo>
      <Parameters>
        <Parameter Name="t" Type="System.Collections.Generic.IList&lt;System.Double&gt;" />
        <Parameter Name="x" Type="System.Collections.Generic.IList&lt;System.Double&gt;" />
      </Parameters>
      <Docs>
        <param name="t">keys t, where x=f(t) or (t,x).</param>
        <param name="x">values x, where x=f(t) or (t,x).</param>
        <summary>
            Create a new sample list based on a copy of two arrays.
            </summary>
        <remarks>To be added.</remarks>
        <exception cref="T:System.ArgumentOutOfRangeException">If the dimensionality of the two arrays doesn't match.</exception>
      </Docs>
    </Member>
    <Member MemberName=".ctor">
      <MemberSignature Language="C#" Value="public SampleList (System.Collections.IDictionary d, int capacity);" />
      <MemberType>Constructor</MemberType>
      <AssemblyInfo>
        <AssemblyVersion>1.0.0.8645</AssemblyVersion>
        <AssemblyVersion>2008.8.16.470</AssemblyVersion>
      </AssemblyInfo>
      <Parameters>
        <Parameter Name="d" Type="System.Collections.IDictionary" />
        <Parameter Name="capacity" Type="System.Int32" />
      </Parameters>
      <Docs>
        <param name="d">To be added.</param>
        <param name="capacity">To be added.</param>
        <summary>
            Create a new sample list.
            </summary>
        <remarks>To be added.</remarks>
      </Docs>
    </Member>
    <Member MemberName="Add">
      <MemberSignature Language="C#" Value="public virtual void Add (double t, double x);" />
      <MemberType>Method</MemberType>
      <AssemblyInfo>
        <AssemblyVersion>1.0.0.8645</AssemblyVersion>
        <AssemblyVersion>2008.8.16.470</AssemblyVersion>
      </AssemblyInfo>
      <ReturnValue>
        <ReturnType>System.Void</ReturnType>
      </ReturnValue>
      <Parameters>
        <Parameter Name="t" Type="System.Double" />
        <Parameter Name="x" Type="System.Double" />
      </Parameters>
      <Docs>
        <param name="t">key t, where x=f(t) or (t,x).</param>
        <param name="x">value x, where x=f(t) or (t,x).</param>
        <summary>
            Add a new sample to the list. 
            </summary>
        <remarks>To be added.</remarks>
      </Docs>
    </Member>
    <Member MemberName="Capacity">
      <MemberSignature Language="C#" Value="public int Capacity { set; get; }" />
      <MemberType>Property</MemberType>
      <AssemblyInfo>
        <AssemblyVersion>1.0.0.8645</AssemblyVersion>
        <AssemblyVersion>2008.8.16.470</AssemblyVersion>
      </AssemblyInfo>
      <ReturnValue>
        <ReturnType>System.Int32</ReturnType>
      </ReturnValue>
      <Docs>
        <summary>
            The count of unique samples supported.
            </summary>
        <value>To be added.</value>
        <remarks>To be added.</remarks>
      </Docs>
    </Member>
    <Member MemberName="Clear">
      <MemberSignature Language="C#" Value="public virtual void Clear ();" />
      <MemberType>Method</MemberType>
      <AssemblyInfo>
        <AssemblyVersion>1.0.0.8645</AssemblyVersion>
        <AssemblyVersion>2008.8.16.470</AssemblyVersion>
      </AssemblyInfo>
      <ReturnValue>
        <ReturnType>System.Void</ReturnType>
      </ReturnValue>
      <Parameters />
      <Docs>
        <summary>
            Remove all samples from the list.
            </summary>
        <remarks>To be added.</remarks>
      </Docs>
    </Member>
    <Member MemberName="Clone">
      <MemberSignature Language="C#" Value="public virtual MathNet.Numerics.SampleList Clone ();" />
      <MemberType>Method</MemberType>
      <AssemblyInfo>
        <AssemblyVersion>1.0.0.8645</AssemblyVersion>
        <AssemblyVersion>2008.8.16.470</AssemblyVersion>
      </AssemblyInfo>
      <ReturnValue>
        <ReturnType>MathNet.Numerics.SampleList</ReturnType>
      </ReturnValue>
      <Parameters />
      <Docs>
        <summary>
            Create a copy of this sample list.
            </summary>
        <returns>To be added.</returns>
        <remarks>To be added.</remarks>
      </Docs>
    </Member>
    <Member MemberName="ContainsT">
      <MemberSignature Language="C#" Value="public bool ContainsT (double t);" />
      <MemberType>Method</MemberType>
      <AssemblyInfo>
        <AssemblyVersion>1.0.0.8645</AssemblyVersion>
        <AssemblyVersion>2008.8.16.470</AssemblyVersion>
      </AssemblyInfo>
      <ReturnValue>
        <ReturnType>System.Boolean</ReturnType>
      </ReturnValue>
      <Parameters>
        <Parameter Name="t" Type="System.Double" />
      </Parameters>
      <Docs>
        <param name="t">To be added.</param>
        <summary>
            True if this sample list contains a sample at t
            </summary>
        <returns>To be added.</returns>
        <remarks>To be added.</remarks>
      </Docs>
    </Member>
    <Member MemberName="ContainsX">
      <MemberSignature Language="C#" Value="public bool ContainsX (double x);" />
      <MemberType>Method</MemberType>
      <AssemblyInfo>
        <AssemblyVersion>1.0.0.8645</AssemblyVersion>
        <AssemblyVersion>2008.8.16.470</AssemblyVersion>
      </AssemblyInfo>
      <ReturnValue>
        <ReturnType>System.Boolean</ReturnType>
      </ReturnValue>
      <Parameters>
        <Parameter Name="x" Type="System.Double" />
      </Parameters>
      <Docs>
        <param name="x">To be added.</param>
        <summary>
            True if this sample list contains a sample value x
            </summary>
        <returns>To be added.</returns>
        <remarks>To be added.</remarks>
      </Docs>
    </Member>
    <Member MemberName="Count">
      <MemberSignature Language="C#" Value="public int Count { get; }" />
      <MemberType>Property</MemberType>
      <AssemblyInfo>
        <AssemblyVersion>1.0.0.8645</AssemblyVersion>
        <AssemblyVersion>2008.8.16.470</AssemblyVersion>
      </AssemblyInfo>
      <ReturnValue>
        <ReturnType>System.Int32</ReturnType>
      </ReturnValue>
      <Docs>
        <summary>
            The count of unique samples stored.
            </summary>
        <value>To be added.</value>
        <remarks>To be added.</remarks>
      </Docs>
    </Member>
    <Member MemberName="GetT">
      <MemberSignature Language="C#" Value="public double GetT (int index);" />
      <MemberType>Method</MemberType>
      <AssemblyInfo>
        <AssemblyVersion>1.0.0.8645</AssemblyVersion>
        <AssemblyVersion>2008.8.16.470</AssemblyVersion>
      </AssemblyInfo>
      <ReturnValue>
        <ReturnType>System.Double</ReturnType>
      </ReturnValue>
      <Parameters>
        <Parameter Name="index" Type="System.Int32" />
      </Parameters>
      <Docs>
        <param name="index">To be added.</param>
        <summary>
            Get the key t stored at the given index, where x=f(t) or (t,x).
            </summary>
        <returns>To be added.</returns>
        <remarks>To be added.</remarks>
      </Docs>
    </Member>
    <Member MemberName="GetX">
      <MemberSignature Language="C#" Value="public double GetX (int index);" />
      <MemberType>Method</MemberType>
      <AssemblyInfo>
        <AssemblyVersion>1.0.0.8645</AssemblyVersion>
        <AssemblyVersion>2008.8.16.470</AssemblyVersion>
      </AssemblyInfo>
      <ReturnValue>
        <ReturnType>System.Double</ReturnType>
      </ReturnValue>
      <Parameters>
        <Parameter Name="index" Type="System.Int32" />
      </Parameters>
      <Docs>
        <param name="index">To be added.</param>
        <summary>
            Get the value x stored at the given index, where x=f(t) or (t,x).
            </summary>
        <returns>To be added.</returns>
        <remarks>To be added.</remarks>
      </Docs>
    </Member>
    <Member MemberName="Locate">
      <MemberSignature Language="C#" Value="public int Locate (double t);" />
      <MemberType>Method</MemberType>
      <AssemblyInfo>
        <AssemblyVersion>1.0.0.8645</AssemblyVersion>
        <AssemblyVersion>2008.8.16.470</AssemblyVersion>
      </AssemblyInfo>
      <ReturnValue>
        <ReturnType>System.Int32</ReturnType>
      </ReturnValue>
      <Parameters>
        <Parameter Name="t" Type="System.Double" />
      </Parameters>
      <Docs>
        <param name="t">To be added.</param>
        <summary>
            Find the index i of a sample near t such that t[i] &lt;= t &lt;= t[i+1]. 
            </summary>
        <returns>The lower bound index of the interval, -1 or Size-1 if out of bounds.</returns>
        <remarks>To be added.</remarks>
      </Docs>
    </Member>
    <Member MemberName="Locate">
      <MemberSignature Language="C#" Value="public int Locate (double t, int nearIndex);" />
      <MemberType>Method</MemberType>
      <AssemblyInfo>
        <AssemblyVersion>1.0.0.8645</AssemblyVersion>
        <AssemblyVersion>2008.8.16.470</AssemblyVersion>
      </AssemblyInfo>
      <ReturnValue>
        <ReturnType>System.Int32</ReturnType>
      </ReturnValue>
      <Parameters>
        <Parameter Name="t" Type="System.Double" />
        <Parameter Name="nearIndex" Type="System.Int32" />
      </Parameters>
      <Docs>
        <param name="t">To be added.</param>
        <param name="nearIndex">To be added.</param>
        <summary>
            Find the index i of a sample near t such that t[i] &lt;= t &lt;= t[i+1]. 
            </summary>
        <returns>The lower bound index of the interval, -1 or Size-1 if out of bounds.</returns>
        <remarks>This method is faster if the expected index is near nearIndex (compared to the list size) but may be slower otherwise (worst case: factor 2 slower, best case: log2(n) faster).</remarks>
      </Docs>
    </Member>
    <Member MemberName="MaxT">
      <MemberSignature Language="C#" Value="public double MaxT { get; }" />
      <MemberType>Property</MemberType>
      <AssemblyInfo>
        <AssemblyVersion>1.0.0.8645</AssemblyVersion>
        <AssemblyVersion>2008.8.16.470</AssemblyVersion>
      </AssemblyInfo>
      <ReturnValue>
        <ReturnType>System.Double</ReturnType>
      </ReturnValue>
      <Docs>
        <summary>
            The biggest key t in the sample list, where x=f(t) or (t,x).
            </summary>
        <value>To be added.</value>
        <remarks>To be added.</remarks>
      </Docs>
    </Member>
    <Member MemberName="MinT">
      <MemberSignature Language="C#" Value="public double MinT { get; }" />
      <MemberType>Property</MemberType>
      <AssemblyInfo>
        <AssemblyVersion>1.0.0.8645</AssemblyVersion>
        <AssemblyVersion>2008.8.16.470</AssemblyVersion>
      </AssemblyInfo>
      <ReturnValue>
        <ReturnType>System.Double</ReturnType>
      </ReturnValue>
      <Docs>
        <summary>
            The smallest key t in the sample list, where x=f(t) or (t,x).
            </summary>
        <value>To be added.</value>
        <remarks>To be added.</remarks>
      </Docs>
    </Member>
    <Member MemberName="Remove">
      <MemberSignature Language="C#" Value="public virtual void Remove (double t);" />
      <MemberType>Method</MemberType>
      <AssemblyInfo>
        <AssemblyVersion>1.0.0.8645</AssemblyVersion>
        <AssemblyVersion>2008.8.16.470</AssemblyVersion>
      </AssemblyInfo>
      <ReturnValue>
        <ReturnType>System.Void</ReturnType>
      </ReturnValue>
      <Parameters>
        <Parameter Name="t" Type="System.Double" />
      </Parameters>
      <Docs>
        <param name="t">To be added.</param>
        <summary>
            Remove all samples with a key exactly equal to t, where x=f(t) or (t,x).
            </summary>
        <remarks>To be added.</remarks>
      </Docs>
    </Member>
    <Member MemberName="RemoveAt">
      <MemberSignature Language="C#" Value="public virtual void RemoveAt (int index);" />
      <MemberType>Method</MemberType>
      <AssemblyInfo>
        <AssemblyVersion>1.0.0.8645</AssemblyVersion>
        <AssemblyVersion>2008.8.16.470</AssemblyVersion>
      </AssemblyInfo>
      <ReturnValue>
        <ReturnType>System.Void</ReturnType>
      </ReturnValue>
      <Parameters>
        <Parameter Name="index" Type="System.Int32" />
      </Parameters>
      <Docs>
        <param name="index">To be added.</param>
        <summary>
            Remove the sample at the given index.
            </summary>
        <remarks>To be added.</remarks>
      </Docs>
    </Member>
    <Member MemberName="SampleAltered">
      <MemberSignature Language="C#" Value="public event EventHandler&lt;MathNet.Numerics.SampleList.SampleAlteredEventArgs&gt; SampleAltered;" />
      <MemberType>Event</MemberType>
      <AssemblyInfo>
        <AssemblyVersion>1.0.0.8645</AssemblyVersion>
        <AssemblyVersion>2008.8.16.470</AssemblyVersion>
      </AssemblyInfo>
      <ReturnValue>
        <ReturnType>System.EventHandler&lt;MathNet.Numerics.SampleList+SampleAlteredEventArgs&gt;</ReturnType>
      </ReturnValue>
      <Docs>
        <summary>
            Event which notifies when a sample has been altered.
            </summary>
        <remarks>To be added.</remarks>
      </Docs>
    </Member>
    <Member MemberName="System.Collections.ICollection.CopyTo">
      <MemberSignature Language="C#" Value="void ICollection.CopyTo (Array array, int index);" />
      <MemberType>Method</MemberType>
      <AssemblyInfo>
        <AssemblyVersion>1.0.0.8645</AssemblyVersion>
        <AssemblyVersion>2008.8.16.470</AssemblyVersion>
      </AssemblyInfo>
      <ReturnValue>
        <ReturnType>System.Void</ReturnType>
      </ReturnValue>
      <Parameters>
        <Parameter Name="array" Type="System.Array" />
        <Parameter Name="index" Type="System.Int32" />
      </Parameters>
      <Docs>
        <param name="array">To be added.</param>
        <param name="index">To be added.</param>
        <summary>To be added.</summary>
        <remarks>To be added.</remarks>
      </Docs>
    </Member>
    <Member MemberName="System.Collections.ICollection.IsSynchronized">
      <MemberSignature Language="C#" Value="bool System.Collections.ICollection.IsSynchronized { get; }" />
      <MemberType>Property</MemberType>
      <AssemblyInfo>
        <AssemblyVersion>1.0.0.8645</AssemblyVersion>
        <AssemblyVersion>2008.8.16.470</AssemblyVersion>
      </AssemblyInfo>
      <ReturnValue>
        <ReturnType>System.Boolean</ReturnType>
      </ReturnValue>
      <Docs>
        <summary>To be added.</summary>
        <value>To be added.</value>
        <remarks>To be added.</remarks>
      </Docs>
    </Member>
    <Member MemberName="System.Collections.ICollection.SyncRoot">
      <MemberSignature Language="C#" Value="object System.Collections.ICollection.SyncRoot { get; }" />
      <MemberType>Property</MemberType>
      <AssemblyInfo>
        <AssemblyVersion>1.0.0.8645</AssemblyVersion>
        <AssemblyVersion>2008.8.16.470</AssemblyVersion>
      </AssemblyInfo>
      <ReturnValue>
        <ReturnType>System.Object</ReturnType>
      </ReturnValue>
      <Docs>
        <summary>To be added.</summary>
        <value>To be added.</value>
        <remarks>To be added.</remarks>
      </Docs>
    </Member>
    <Member MemberName="System.Collections.IDictionary.Add">
      <MemberSignature Language="C#" Value="void IDictionary.Add (object key, object value);" />
      <MemberType>Method</MemberType>
      <AssemblyInfo>
        <AssemblyVersion>1.0.0.8645</AssemblyVersion>
        <AssemblyVersion>2008.8.16.470</AssemblyVersion>
      </AssemblyInfo>
      <ReturnValue>
        <ReturnType>System.Void</ReturnType>
      </ReturnValue>
      <Parameters>
        <Parameter Name="key" Type="System.Object" />
        <Parameter Name="value" Type="System.Object" />
      </Parameters>
      <Docs>
        <param name="key">To be added.</param>
        <param name="value">To be added.</param>
        <summary>To be added.</summary>
        <remarks>To be added.</remarks>
      </Docs>
    </Member>
    <Member MemberName="System.Collections.IDictionary.Contains">
      <MemberSignature Language="C#" Value="bool IDictionary.Contains (object key);" />
      <MemberType>Method</MemberType>
      <AssemblyInfo>
        <AssemblyVersion>1.0.0.8645</AssemblyVersion>
        <AssemblyVersion>2008.8.16.470</AssemblyVersion>
      </AssemblyInfo>
      <ReturnValue>
        <ReturnType>System.Boolean</ReturnType>
      </ReturnValue>
      <Parameters>
        <Parameter Name="key" Type="System.Object" />
      </Parameters>
      <Docs>
        <param name="key">To be added.</param>
        <summary>To be added.</summary>
        <returns>To be added.</returns>
        <remarks>To be added.</remarks>
      </Docs>
    </Member>
    <Member MemberName="System.Collections.IDictionary.GetEnumerator">
      <MemberSignature Language="C#" Value="System.Collections.IDictionaryEnumerator IDictionary.GetEnumerator ();" />
      <MemberType>Method</MemberType>
      <AssemblyInfo>
        <AssemblyVersion>1.0.0.8645</AssemblyVersion>
        <AssemblyVersion>2008.8.16.470</AssemblyVersion>
      </AssemblyInfo>
      <ReturnValue>
        <ReturnType>System.Collections.IDictionaryEnumerator</ReturnType>
      </ReturnValue>
      <Parameters />
      <Docs>
        <summary>To be added.</summary>
        <returns>To be added.</returns>
        <remarks>To be added.</remarks>
      </Docs>
    </Member>
    <Member MemberName="System.Collections.IDictionary.IsFixedSize">
      <MemberSignature Language="C#" Value="bool System.Collections.IDictionary.IsFixedSize { get; }" />
      <MemberType>Property</MemberType>
      <AssemblyInfo>
        <AssemblyVersion>1.0.0.8645</AssemblyVersion>
        <AssemblyVersion>2008.8.16.470</AssemblyVersion>
      </AssemblyInfo>
      <ReturnValue>
        <ReturnType>System.Boolean</ReturnType>
      </ReturnValue>
      <Docs>
        <summary>To be added.</summary>
        <value>To be added.</value>
        <remarks>To be added.</remarks>
      </Docs>
    </Member>
    <Member MemberName="System.Collections.IDictionary.IsReadOnly">
      <MemberSignature Language="C#" Value="bool System.Collections.IDictionary.IsReadOnly { get; }" />
      <MemberType>Property</MemberType>
      <AssemblyInfo>
        <AssemblyVersion>1.0.0.8645</AssemblyVersion>
        <AssemblyVersion>2008.8.16.470</AssemblyVersion>
      </AssemblyInfo>
      <ReturnValue>
        <ReturnType>System.Boolean</ReturnType>
      </ReturnValue>
      <Docs>
        <summary>To be added.</summary>
        <value>To be added.</value>
        <remarks>To be added.</remarks>
      </Docs>
    </Member>
    <Member MemberName="System.Collections.IDictionary.Item">
      <MemberSignature Language="C#" Value="object System.Collections.IDictionary.Item[object key] { set; get; }" />
      <MemberType>Property</MemberType>
      <AssemblyInfo>
        <AssemblyVersion>1.0.0.8645</AssemblyVersion>
        <AssemblyVersion>2008.8.16.470</AssemblyVersion>
      </AssemblyInfo>
      <ReturnValue>
        <ReturnType>System.Object</ReturnType>
      </ReturnValue>
      <Parameters>
        <Parameter Name="key" Type="System.Object" />
      </Parameters>
      <Docs>
        <param name="key">To be added.</param>
        <summary>To be added.</summary>
        <value>To be added.</value>
        <remarks>To be added.</remarks>
      </Docs>
    </Member>
    <Member MemberName="System.Collections.IDictionary.Keys">
      <MemberSignature Language="C#" Value="System.Collections.ICollection System.Collections.IDictionary.Keys { get; }" />
      <MemberType>Property</MemberType>
      <AssemblyInfo>
        <AssemblyVersion>1.0.0.8645</AssemblyVersion>
        <AssemblyVersion>2008.8.16.470</AssemblyVersion>
      </AssemblyInfo>
      <ReturnValue>
        <ReturnType>System.Collections.ICollection</ReturnType>
      </ReturnValue>
      <Docs>
        <summary>To be added.</summary>
        <value>To be added.</value>
        <remarks>To be added.</remarks>
      </Docs>
    </Member>
    <Member MemberName="System.Collections.IDictionary.Remove">
      <MemberSignature Language="C#" Value="void IDictionary.Remove (object key);" />
      <MemberType>Method</MemberType>
      <AssemblyInfo>
        <AssemblyVersion>1.0.0.8645</AssemblyVersion>
        <AssemblyVersion>2008.8.16.470</AssemblyVersion>
      </AssemblyInfo>
      <ReturnValue>
        <ReturnType>System.Void</ReturnType>
      </ReturnValue>
      <Parameters>
        <Parameter Name="key" Type="System.Object" />
      </Parameters>
      <Docs>
        <param name="key">To be added.</param>
        <summary>To be added.</summary>
        <remarks>To be added.</remarks>
      </Docs>
    </Member>
    <Member MemberName="System.Collections.IDictionary.Values">
      <MemberSignature Language="C#" Value="System.Collections.ICollection System.Collections.IDictionary.Values { get; }" />
      <MemberType>Property</MemberType>
      <AssemblyInfo>
        <AssemblyVersion>1.0.0.8645</AssemblyVersion>
        <AssemblyVersion>2008.8.16.470</AssemblyVersion>
      </AssemblyInfo>
      <ReturnValue>
        <ReturnType>System.Collections.ICollection</ReturnType>
      </ReturnValue>
      <Docs>
        <summary>To be added.</summary>
        <value>To be added.</value>
        <remarks>To be added.</remarks>
      </Docs>
    </Member>
    <Member MemberName="System.Collections.IEnumerable.GetEnumerator">
      <MemberSignature Language="C#" Value="System.Collections.IEnumerator IEnumerable.GetEnumerator ();" />
      <MemberType>Method</MemberType>
      <AssemblyInfo>
        <AssemblyVersion>1.0.0.8645</AssemblyVersion>
        <AssemblyVersion>2008.8.16.470</AssemblyVersion>
      </AssemblyInfo>
      <ReturnValue>
        <ReturnType>System.Collections.IEnumerator</ReturnType>
      </ReturnValue>
      <Parameters />
      <Docs>
        <summary>To be added.</summary>
        <returns>To be added.</returns>
        <remarks>To be added.</remarks>
      </Docs>
    </Member>
    <Member MemberName="System.ICloneable.Clone">
      <MemberSignature Language="C#" Value="object ICloneable.Clone ();" />
      <MemberType>Method</MemberType>
      <AssemblyInfo>
        <AssemblyVersion>1.0.0.8645</AssemblyVersion>
        <AssemblyVersion>2008.8.16.470</AssemblyVersion>
      </AssemblyInfo>
      <ReturnValue>
        <ReturnType>System.Object</ReturnType>
      </ReturnValue>
      <Parameters />
      <Docs>
        <summary>To be added.</summary>
        <returns>To be added.</returns>
        <remarks>To be added.</remarks>
      </Docs>
    </Member>
  </Members>
</Type>
