<Type Name="SetChangedEventArgs&lt;T&gt;" FullName="MathNet.Numerics.SetChangedEventArgs&lt;T&gt;">
  <TypeSignature Language="C#" Value="public class SetChangedEventArgs&lt;T&gt; : EventArgs" />
  <AssemblyInfo>
    <AssemblyName>MathNet.Iridium</AssemblyName>
    <AssemblyVersion>1.0.0.8645</AssemblyVersion>
    <AssemblyVersion>2008.8.16.470</AssemblyVersion>
  </AssemblyInfo>
  <TypeParameters>
    <TypeParameter Name="T" />
  </TypeParameters>
  <Base>
    <BaseTypeName>System.EventArgs</BaseTypeName>
  </Base>
  <Interfaces />
  <Docs>
    <typeparam name="T">
    </typeparam>
    <summary>
            Event argument used for notifying about changes in a set.
            </summary>
    <remarks>To be added.</remarks>
  </Docs>
  <Members>
    <Member MemberName="Added">
      <MemberSignature Language="C#" Value="public static MathNet.Numerics.SetChangedEventArgs&lt;T&gt; Added (T element, int index);" />
      <MemberType>Method</MemberType>
      <AssemblyInfo>
        <AssemblyVersion>1.0.0.8645</AssemblyVersion>
        <AssemblyVersion>2008.8.16.470</AssemblyVersion>
      </AssemblyInfo>
      <ReturnValue>
        <ReturnType>MathNet.Numerics.SetChangedEventArgs&lt;T&gt;</ReturnType>
      </ReturnValue>
      <Parameters>
        <Parameter Name="element" Type="T" />
        <Parameter Name="index" Type="System.Int32" />
      </Parameters>
      <Docs>
        <param name="element">The element which as been added.</param>
        <param name="index">The index where the element was added.</param>
        <summary>
            Build changed event args when elevents have been added to a set.
            </summary>
        <returns>To be added.</returns>
        <remarks>To be added.</remarks>
      </Docs>
    </Member>
    <Member MemberName="Element">
      <MemberSignature Language="C#" Value="public T Element { get; }" />
      <MemberType>Property</MemberType>
      <AssemblyInfo>
        <AssemblyVersion>1.0.0.8645</AssemblyVersion>
        <AssemblyVersion>2008.8.16.470</AssemblyVersion>
      </AssemblyInfo>
      <ReturnValue>
        <ReturnType>T</ReturnType>
      </ReturnValue>
      <Docs>
        <summary>
            The element that changed.
            </summary>
        <value>To be added.</value>
        <remarks>To be added.</remarks>
      </Docs>
    </Member>
    <Member MemberName="ElementAdded">
      <MemberSignature Language="C#" Value="public bool ElementAdded { get; }" />
      <MemberType>Property</MemberType>
      <AssemblyInfo>
        <AssemblyVersion>1.0.0.8645</AssemblyVersion>
        <AssemblyVersion>2008.8.16.470</AssemblyVersion>
      </AssemblyInfo>
      <ReturnValue>
        <ReturnType>System.Boolean</ReturnType>
      </ReturnValue>
      <Docs>
        <summary>
            True if the element was added to the set.
            </summary>
        <value>To be added.</value>
        <remarks>To be added.</remarks>
      </Docs>
    </Member>
    <Member MemberName="ElementMoved">
      <MemberSignature Language="C#" Value="public bool ElementMoved { get; }" />
      <MemberType>Property</MemberType>
      <AssemblyInfo>
        <AssemblyVersion>1.0.0.8645</AssemblyVersion>
        <AssemblyVersion>2008.8.16.470</AssemblyVersion>
      </AssemblyInfo>
      <ReturnValue>
        <ReturnType>System.Boolean</ReturnType>
      </ReturnValue>
      <Docs>
        <summary>
            True if the element was moved inside of the set.
            </summary>
        <value>To be added.</value>
        <remarks>To be added.</remarks>
      </Docs>
    </Member>
    <Member MemberName="ElementRemoved">
      <MemberSignature Language="C#" Value="public bool ElementRemoved { get; }" />
      <MemberType>Property</MemberType>
      <AssemblyInfo>
        <AssemblyVersion>1.0.0.8645</AssemblyVersion>
        <AssemblyVersion>2008.8.16.470</AssemblyVersion>
      </AssemblyInfo>
      <ReturnValue>
        <ReturnType>System.Boolean</ReturnType>
      </ReturnValue>
      <Docs>
        <summary>
            True if the element was removed from the set.
            </summary>
        <value>To be added.</value>
        <remarks>To be added.</remarks>
      </Docs>
    </Member>
    <Member MemberName="IndexAfter">
      <MemberSignature Language="C#" Value="public int IndexAfter { get; }" />
      <MemberType>Property</MemberType>
      <AssemblyInfo>
        <AssemblyVersion>1.0.0.8645</AssemblyVersion>
        <AssemblyVersion>2008.8.16.470</AssemblyVersion>
      </AssemblyInfo>
      <ReturnValue>
        <ReturnType>System.Int32</ReturnType>
      </ReturnValue>
      <Docs>
        <summary>
            The index of the element after the operation.
            </summary>
        <value>To be added.</value>
        <remarks>To be added.</remarks>
      </Docs>
    </Member>
    <Member MemberName="IndexBefore">
      <MemberSignature Language="C#" Value="public int IndexBefore { get; }" />
      <MemberType>Property</MemberType>
      <AssemblyInfo>
        <AssemblyVersion>1.0.0.8645</AssemblyVersion>
        <AssemblyVersion>2008.8.16.470</AssemblyVersion>
      </AssemblyInfo>
      <ReturnValue>
        <ReturnType>System.Int32</ReturnType>
      </ReturnValue>
      <Docs>
        <summary>
            The index of the element before the operation.
            </summary>
        <value>To be added.</value>
        <remarks>To be added.</remarks>
      </Docs>
    </Member>
    <Member MemberName="Moved">
      <MemberSignature Language="C#" Value="public static MathNet.Numerics.SetChangedEventArgs&lt;T&gt; Moved (T element, int indexBefore, int indexAfter);" />
      <MemberType>Method</MemberType>
      <AssemblyInfo>
        <AssemblyVersion>1.0.0.8645</AssemblyVersion>
        <AssemblyVersion>2008.8.16.470</AssemblyVersion>
      </AssemblyInfo>
      <ReturnValue>
        <ReturnType>MathNet.Numerics.SetChangedEventArgs&lt;T&gt;</ReturnType>
      </ReturnValue>
      <Parameters>
        <Parameter Name="element" Type="T" />
        <Parameter Name="indexBefore" Type="System.Int32" />
        <Parameter Name="indexAfter" Type="System.Int32" />
      </Parameters>
      <Docs>
        <param name="element">The element which has been moved.</param>
        <param name="indexBefore">The previous index of the moved element.</param>
        <param name="indexAfter">The new index of the moved element.</param>
        <summary>
            Build changed event args when elevents have been moved inside of a set.
            </summary>
        <returns>To be added.</returns>
        <remarks>To be added.</remarks>
      </Docs>
    </Member>
    <Member MemberName="Operation">
      <MemberSignature Language="C#" Value="public MathNet.Numerics.SetElementOperation Operation { get; }" />
      <MemberType>Property</MemberType>
      <AssemblyInfo>
        <AssemblyVersion>1.0.0.8645</AssemblyVersion>
        <AssemblyVersion>2008.8.16.470</AssemblyVersion>
      </AssemblyInfo>
      <ReturnValue>
        <ReturnType>MathNet.Numerics.SetElementOperation</ReturnType>
      </ReturnValue>
      <Docs>
        <summary>
            The operation that was applied to the element.
            </summary>
        <value>To be added.</value>
        <remarks>To be added.</remarks>
      </Docs>
    </Member>
    <Member MemberName="Removed">
      <MemberSignature Language="C#" Value="public static MathNet.Numerics.SetChangedEventArgs&lt;T&gt; Removed (T element, int index);" />
      <MemberType>Method</MemberType>
      <AssemblyInfo>
        <AssemblyVersion>1.0.0.8645</AssemblyVersion>
        <AssemblyVersion>2008.8.16.470</AssemblyVersion>
      </AssemblyInfo>
      <ReturnValue>
        <ReturnType>MathNet.Numerics.SetChangedEventArgs&lt;T&gt;</ReturnType>
      </ReturnValue>
      <Parameters>
        <Parameter Name="element" Type="T" />
        <Parameter Name="index" Type="System.Int32" />
      </Parameters>
      <Docs>
        <param name="element">The element which has been removed.</param>
        <param name="index">The previous index of the removed element.</param>
        <summary>
            Build changed event args when elevents have been removed from a set.
            </summary>
        <returns>To be added.</returns>
        <remarks>To be added.</remarks>
      </Docs>
    </Member>
  </Members>
</Type>
