<Type Name="SiPrefixes" FullName="MathNet.Numerics.SiPrefixes">
  <TypeSignature Language="C#" Value="public static class SiPrefixes" />
  <AssemblyInfo>
    <AssemblyName>MathNet.Iridium</AssemblyName>
    <AssemblyVersion>1.0.0.8645</AssemblyVersion>
    <AssemblyVersion>2008.8.16.470</AssemblyVersion>
  </AssemblyInfo>
  <Base>
    <BaseTypeName>System.Object</BaseTypeName>
  </Base>
  <Interfaces />
  <Docs>
    <summary>
            Scientific Unit prefix factors.
            </summary>
    <remarks>To be added.</remarks>
    <altmember cref="T:MathNet.Numerics.SiConstants" />
    <altmember cref="T:MathNet.Numerics.Constants" />
  </Docs>
  <Members>
    <Member MemberName="Atto">
      <MemberSignature Language="C#" Value="public const double Atto = 1E-18;" />
      <MemberType>Field</MemberType>
      <AssemblyInfo>
        <AssemblyVersion>1.0.0.8645</AssemblyVersion>
        <AssemblyVersion>2008.8.16.470</AssemblyVersion>
      </AssemblyInfo>
      <ReturnValue>
        <ReturnType>System.Double</ReturnType>
      </ReturnValue>
      <MemberValue>1E-18</MemberValue>
      <Docs>
        <summary>0.000 000 000 000 000 001</summary>
        <remarks>To be added.</remarks>
      </Docs>
    </Member>
    <Member MemberName="Centi">
      <MemberSignature Language="C#" Value="public const double Centi = 0.01;" />
      <MemberType>Field</MemberType>
      <AssemblyInfo>
        <AssemblyVersion>1.0.0.8645</AssemblyVersion>
        <AssemblyVersion>2008.8.16.470</AssemblyVersion>
      </AssemblyInfo>
      <ReturnValue>
        <ReturnType>System.Double</ReturnType>
      </ReturnValue>
      <MemberValue>0.01</MemberValue>
      <Docs>
        <summary>0.01</summary>
        <remarks>To be added.</remarks>
      </Docs>
    </Member>
    <Member MemberName="Deca">
      <MemberSignature Language="C#" Value="public const double Deca = 10;" />
      <MemberType>Field</MemberType>
      <AssemblyInfo>
        <AssemblyVersion>1.0.0.8645</AssemblyVersion>
        <AssemblyVersion>2008.8.16.470</AssemblyVersion>
      </AssemblyInfo>
      <ReturnValue>
        <ReturnType>System.Double</ReturnType>
      </ReturnValue>
      <MemberValue>10</MemberValue>
      <Docs>
        <summary>10</summary>
        <remarks>To be added.</remarks>
      </Docs>
    </Member>
    <Member MemberName="Deci">
      <MemberSignature Language="C#" Value="public const double Deci = 0.1;" />
      <MemberType>Field</MemberType>
      <AssemblyInfo>
        <AssemblyVersion>1.0.0.8645</AssemblyVersion>
        <AssemblyVersion>2008.8.16.470</AssemblyVersion>
      </AssemblyInfo>
      <ReturnValue>
        <ReturnType>System.Double</ReturnType>
      </ReturnValue>
      <MemberValue>0.1</MemberValue>
      <Docs>
        <summary>0.1</summary>
        <remarks>To be added.</remarks>
      </Docs>
    </Member>
    <Member MemberName="Exa">
      <MemberSignature Language="C#" Value="public const double Exa = 1E+18;" />
      <MemberType>Field</MemberType>
      <AssemblyInfo>
        <AssemblyVersion>1.0.0.8645</AssemblyVersion>
        <AssemblyVersion>2008.8.16.470</AssemblyVersion>
      </AssemblyInfo>
      <ReturnValue>
        <ReturnType>System.Double</ReturnType>
      </ReturnValue>
      <MemberValue>1E+18</MemberValue>
      <Docs>
        <summary>1 000 000 000 000 000 000</summary>
        <remarks>To be added.</remarks>
      </Docs>
    </Member>
    <Member MemberName="Femto">
      <MemberSignature Language="C#" Value="public const double Femto = 1E-15;" />
      <MemberType>Field</MemberType>
      <AssemblyInfo>
        <AssemblyVersion>1.0.0.8645</AssemblyVersion>
        <AssemblyVersion>2008.8.16.470</AssemblyVersion>
      </AssemblyInfo>
      <ReturnValue>
        <ReturnType>System.Double</ReturnType>
      </ReturnValue>
      <MemberValue>1E-15</MemberValue>
      <Docs>
        <summary>0.000 000 000 000 001</summary>
        <remarks>To be added.</remarks>
      </Docs>
    </Member>
    <Member MemberName="Giga">
      <MemberSignature Language="C#" Value="public const double Giga = 1000000000;" />
      <MemberType>Field</MemberType>
      <AssemblyInfo>
        <AssemblyVersion>1.0.0.8645</AssemblyVersion>
        <AssemblyVersion>2008.8.16.470</AssemblyVersion>
      </AssemblyInfo>
      <ReturnValue>
        <ReturnType>System.Double</ReturnType>
      </ReturnValue>
      <MemberValue>1000000000</MemberValue>
      <Docs>
        <summary>1 000 000 000</summary>
        <remarks>To be added.</remarks>
      </Docs>
    </Member>
    <Member MemberName="Hecto">
      <MemberSignature Language="C#" Value="public const double Hecto = 100;" />
      <MemberType>Field</MemberType>
      <AssemblyInfo>
        <AssemblyVersion>1.0.0.8645</AssemblyVersion>
        <AssemblyVersion>2008.8.16.470</AssemblyVersion>
      </AssemblyInfo>
      <ReturnValue>
        <ReturnType>System.Double</ReturnType>
      </ReturnValue>
      <MemberValue>100</MemberValue>
      <Docs>
        <summary>100</summary>
        <remarks>To be added.</remarks>
      </Docs>
    </Member>
    <Member MemberName="Kilo">
      <MemberSignature Language="C#" Value="public const double Kilo = 1000;" />
      <MemberType>Field</MemberType>
      <AssemblyInfo>
        <AssemblyVersion>1.0.0.8645</AssemblyVersion>
        <AssemblyVersion>2008.8.16.470</AssemblyVersion>
      </AssemblyInfo>
      <ReturnValue>
        <ReturnType>System.Double</ReturnType>
      </ReturnValue>
      <MemberValue>1000</MemberValue>
      <Docs>
        <summary>1 000</summary>
        <remarks>To be added.</remarks>
      </Docs>
    </Member>
    <Member MemberName="Mega">
      <MemberSignature Language="C#" Value="public const double Mega = 1000000;" />
      <MemberType>Field</MemberType>
      <AssemblyInfo>
        <AssemblyVersion>1.0.0.8645</AssemblyVersion>
        <AssemblyVersion>2008.8.16.470</AssemblyVersion>
      </AssemblyInfo>
      <ReturnValue>
        <ReturnType>System.Double</ReturnType>
      </ReturnValue>
      <MemberValue>1000000</MemberValue>
      <Docs>
        <summary>1 000 000</summary>
        <remarks>To be added.</remarks>
      </Docs>
    </Member>
    <Member MemberName="Micro">
      <MemberSignature Language="C#" Value="public const double Micro = 1E-06;" />
      <MemberType>Field</MemberType>
      <AssemblyInfo>
        <AssemblyVersion>1.0.0.8645</AssemblyVersion>
        <AssemblyVersion>2008.8.16.470</AssemblyVersion>
      </AssemblyInfo>
      <ReturnValue>
        <ReturnType>System.Double</ReturnType>
      </ReturnValue>
      <MemberValue>1E-06</MemberValue>
      <Docs>
        <summary>0.000 001</summary>
        <remarks>To be added.</remarks>
      </Docs>
    </Member>
    <Member MemberName="Milli">
      <MemberSignature Language="C#" Value="public const double Milli = 0.001;" />
      <MemberType>Field</MemberType>
      <AssemblyInfo>
        <AssemblyVersion>1.0.0.8645</AssemblyVersion>
        <AssemblyVersion>2008.8.16.470</AssemblyVersion>
      </AssemblyInfo>
      <ReturnValue>
        <ReturnType>System.Double</ReturnType>
      </ReturnValue>
      <MemberValue>0.001</MemberValue>
      <Docs>
        <summary>0.001</summary>
        <remarks>To be added.</remarks>
      </Docs>
    </Member>
    <Member MemberName="Nano">
      <MemberSignature Language="C#" Value="public const double Nano = 1E-09;" />
      <MemberType>Field</MemberType>
      <AssemblyInfo>
        <AssemblyVersion>1.0.0.8645</AssemblyVersion>
        <AssemblyVersion>2008.8.16.470</AssemblyVersion>
      </AssemblyInfo>
      <ReturnValue>
        <ReturnType>System.Double</ReturnType>
      </ReturnValue>
      <MemberValue>1E-09</MemberValue>
      <Docs>
        <summary>0.000 000 001</summary>
        <remarks>To be added.</remarks>
      </Docs>
    </Member>
    <Member MemberName="Peta">
      <MemberSignature Language="C#" Value="public const double Peta = 1E+15;" />
      <MemberType>Field</MemberType>
      <AssemblyInfo>
        <AssemblyVersion>1.0.0.8645</AssemblyVersion>
        <AssemblyVersion>2008.8.16.470</AssemblyVersion>
      </AssemblyInfo>
      <ReturnValue>
        <ReturnType>System.Double</ReturnType>
      </ReturnValue>
      <MemberValue>1E+15</MemberValue>
      <Docs>
        <summary>1 000 000 000 000 000</summary>
        <remarks>To be added.</remarks>
      </Docs>
    </Member>
    <Member MemberName="Pico">
      <MemberSignature Language="C#" Value="public const double Pico = 1E-12;" />
      <MemberType>Field</MemberType>
      <AssemblyInfo>
        <AssemblyVersion>1.0.0.8645</AssemblyVersion>
        <AssemblyVersion>2008.8.16.470</AssemblyVersion>
      </AssemblyInfo>
      <ReturnValue>
        <ReturnType>System.Double</ReturnType>
      </ReturnValue>
      <MemberValue>1E-12</MemberValue>
      <Docs>
        <summary>0.000 000 000 001</summary>
        <remarks>To be added.</remarks>
      </Docs>
    </Member>
    <Member MemberName="Tera">
      <MemberSignature Language="C#" Value="public const double Tera = 1000000000000;" />
      <MemberType>Field</MemberType>
      <AssemblyInfo>
        <AssemblyVersion>1.0.0.8645</AssemblyVersion>
        <AssemblyVersion>2008.8.16.470</AssemblyVersion>
      </AssemblyInfo>
      <ReturnValue>
        <ReturnType>System.Double</ReturnType>
      </ReturnValue>
      <MemberValue>1000000000000</MemberValue>
      <Docs>
        <summary>1 000 000 000 000</summary>
        <remarks>To be added.</remarks>
      </Docs>
    </Member>
    <Member MemberName="Yocto">
      <MemberSignature Language="C#" Value="public const double Yocto = 1E-24;" />
      <MemberType>Field</MemberType>
      <AssemblyInfo>
        <AssemblyVersion>1.0.0.8645</AssemblyVersion>
        <AssemblyVersion>2008.8.16.470</AssemblyVersion>
      </AssemblyInfo>
      <ReturnValue>
        <ReturnType>System.Double</ReturnType>
      </ReturnValue>
      <MemberValue>1E-24</MemberValue>
      <Docs>
        <summary>0.000 000 000 000 000 000 000 001</summary>
        <remarks>To be added.</remarks>
      </Docs>
    </Member>
    <Member MemberName="Yotta">
      <MemberSignature Language="C#" Value="public const double Yotta = 1E+24;" />
      <MemberType>Field</MemberType>
      <AssemblyInfo>
        <AssemblyVersion>1.0.0.8645</AssemblyVersion>
        <AssemblyVersion>2008.8.16.470</AssemblyVersion>
      </AssemblyInfo>
      <ReturnValue>
        <ReturnType>System.Double</ReturnType>
      </ReturnValue>
      <MemberValue>1E+24</MemberValue>
      <Docs>
        <summary>1 000 000 000 000 000 000 000 000</summary>
        <remarks>To be added.</remarks>
      </Docs>
    </Member>
    <Member MemberName="Zepto">
      <MemberSignature Language="C#" Value="public const double Zepto = 1E-21;" />
      <MemberType>Field</MemberType>
      <AssemblyInfo>
        <AssemblyVersion>1.0.0.8645</AssemblyVersion>
        <AssemblyVersion>2008.8.16.470</AssemblyVersion>
      </AssemblyInfo>
      <ReturnValue>
        <ReturnType>System.Double</ReturnType>
      </ReturnValue>
      <MemberValue>1E-21</MemberValue>
      <Docs>
        <summary>0.000 000 000 000 000 000 001</summary>
        <remarks>To be added.</remarks>
      </Docs>
    </Member>
    <Member MemberName="Zetta">
      <MemberSignature Language="C#" Value="public const double Zetta = 1E+21;" />
      <MemberType>Field</MemberType>
      <AssemblyInfo>
        <AssemblyVersion>1.0.0.8645</AssemblyVersion>
        <AssemblyVersion>2008.8.16.470</AssemblyVersion>
      </AssemblyInfo>
      <ReturnValue>
        <ReturnType>System.Double</ReturnType>
      </ReturnValue>
      <MemberValue>1E+21</MemberValue>
      <Docs>
        <summary>1 000 000 000 000 000 000 000</summary>
        <remarks>To be added.</remarks>
      </Docs>
    </Member>
  </Members>
</Type>
