<Type Name="Trig" FullName="MathNet.Numerics.Trig">
  <TypeSignature Language="C#" Value="public static class Trig" />
  <AssemblyInfo>
    <AssemblyName>MathNet.Iridium</AssemblyName>
    <AssemblyVersion>1.0.0.8645</AssemblyVersion>
    <AssemblyVersion>2008.8.16.470</AssemblyVersion>
  </AssemblyInfo>
  <Base>
    <BaseTypeName>System.Object</BaseTypeName>
  </Base>
  <Interfaces />
  <Docs>
    <summary>
            Double-precision trigonometry toolkit.
            </summary>
    <remarks>To be added.</remarks>
  </Docs>
  <Members>
    <Member MemberName="Cosecant">
      <MemberSignature Language="C#" Value="public static double Cosecant (double radian);" />
      <MemberType>Method</MemberType>
      <AssemblyInfo>
        <AssemblyVersion>1.0.0.8645</AssemblyVersion>
        <AssemblyVersion>2008.8.16.470</AssemblyVersion>
      </AssemblyInfo>
      <ReturnValue>
        <ReturnType>System.Double</ReturnType>
      </ReturnValue>
      <Parameters>
        <Parameter Name="radian" Type="System.Double" />
      </Parameters>
      <Docs>
        <param name="radian">To be added.</param>
        <summary>
            Trigonometric Cosecant (Cosekans) of an angle in radian
            </summary>
        <returns>To be added.</returns>
        <remarks>To be added.</remarks>
      </Docs>
    </Member>
    <Member MemberName="Cosine">
      <MemberSignature Language="C#" Value="public static double Cosine (double radian);" />
      <MemberType>Method</MemberType>
      <AssemblyInfo>
        <AssemblyVersion>1.0.0.8645</AssemblyVersion>
        <AssemblyVersion>2008.8.16.470</AssemblyVersion>
      </AssemblyInfo>
      <ReturnValue>
        <ReturnType>System.Double</ReturnType>
      </ReturnValue>
      <Parameters>
        <Parameter Name="radian" Type="System.Double" />
      </Parameters>
      <Docs>
        <param name="radian">To be added.</param>
        <summary>
            Trigonometric Cosine (Cosinus) of an angle in radian
            </summary>
        <returns>To be added.</returns>
        <remarks>To be added.</remarks>
      </Docs>
    </Member>
    <Member MemberName="Cotangent">
      <MemberSignature Language="C#" Value="public static double Cotangent (double radian);" />
      <MemberType>Method</MemberType>
      <AssemblyInfo>
        <AssemblyVersion>1.0.0.8645</AssemblyVersion>
        <AssemblyVersion>2008.8.16.470</AssemblyVersion>
      </AssemblyInfo>
      <ReturnValue>
        <ReturnType>System.Double</ReturnType>
      </ReturnValue>
      <Parameters>
        <Parameter Name="radian" Type="System.Double" />
      </Parameters>
      <Docs>
        <param name="radian">To be added.</param>
        <summary>
            Trigonometric Cotangent (Cotangens) of an angle in radian
            </summary>
        <returns>To be added.</returns>
        <remarks>To be added.</remarks>
      </Docs>
    </Member>
    <Member MemberName="DegreeToGrad">
      <MemberSignature Language="C#" Value="public static double DegreeToGrad (double degree);" />
      <MemberType>Method</MemberType>
      <AssemblyInfo>
        <AssemblyVersion>1.0.0.8645</AssemblyVersion>
        <AssemblyVersion>2008.8.16.470</AssemblyVersion>
      </AssemblyInfo>
      <ReturnValue>
        <ReturnType>System.Double</ReturnType>
      </ReturnValue>
      <Parameters>
        <Parameter Name="degree" Type="System.Double" />
      </Parameters>
      <Docs>
        <param name="degree">To be added.</param>
        <summary>
            Converts a degree (360-periodic) angle to a newgrad (400-periodic) angle.
            </summary>
        <returns>To be added.</returns>
        <remarks>To be added.</remarks>
      </Docs>
    </Member>
    <Member MemberName="DegreeToRadian">
      <MemberSignature Language="C#" Value="public static double DegreeToRadian (double degree);" />
      <MemberType>Method</MemberType>
      <AssemblyInfo>
        <AssemblyVersion>1.0.0.8645</AssemblyVersion>
        <AssemblyVersion>2008.8.16.470</AssemblyVersion>
      </AssemblyInfo>
      <ReturnValue>
        <ReturnType>System.Double</ReturnType>
      </ReturnValue>
      <Parameters>
        <Parameter Name="degree" Type="System.Double" />
      </Parameters>
      <Docs>
        <param name="degree">To be added.</param>
        <summary>
            Converts a degree (360-periodic) angle to a radian (2*Pi-periodic) angle.
            </summary>
        <returns>To be added.</returns>
        <remarks>To be added.</remarks>
      </Docs>
    </Member>
    <Member MemberName="GradToDegree">
      <MemberSignature Language="C#" Value="public static double GradToDegree (double newgrad);" />
      <MemberType>Method</MemberType>
      <AssemblyInfo>
        <AssemblyVersion>1.0.0.8645</AssemblyVersion>
        <AssemblyVersion>2008.8.16.470</AssemblyVersion>
      </AssemblyInfo>
      <ReturnValue>
        <ReturnType>System.Double</ReturnType>
      </ReturnValue>
      <Parameters>
        <Parameter Name="newgrad" Type="System.Double" />
      </Parameters>
      <Docs>
        <param name="newgrad">To be added.</param>
        <summary>
            Converts a newgrad (400-periodic) angle to a degree (360-periodic) angle.
            </summary>
        <returns>To be added.</returns>
        <remarks>To be added.</remarks>
      </Docs>
    </Member>
    <Member MemberName="GradToRadian">
      <MemberSignature Language="C#" Value="public static double GradToRadian (double newgrad);" />
      <MemberType>Method</MemberType>
      <AssemblyInfo>
        <AssemblyVersion>1.0.0.8645</AssemblyVersion>
        <AssemblyVersion>2008.8.16.470</AssemblyVersion>
      </AssemblyInfo>
      <ReturnValue>
        <ReturnType>System.Double</ReturnType>
      </ReturnValue>
      <Parameters>
        <Parameter Name="newgrad" Type="System.Double" />
      </Parameters>
      <Docs>
        <param name="newgrad">To be added.</param>
        <summary>
            Converts a newgrad (400-periodic) angle to a radian (2*Pi-periodic) angle.
            </summary>
        <returns>To be added.</returns>
        <remarks>To be added.</remarks>
      </Docs>
    </Member>
    <Member MemberName="HyperbolicCosecant">
      <MemberSignature Language="C#" Value="public static double HyperbolicCosecant (double radian);" />
      <MemberType>Method</MemberType>
      <AssemblyInfo>
        <AssemblyVersion>1.0.0.8645</AssemblyVersion>
        <AssemblyVersion>2008.8.16.470</AssemblyVersion>
      </AssemblyInfo>
      <ReturnValue>
        <ReturnType>System.Double</ReturnType>
      </ReturnValue>
      <Parameters>
        <Parameter Name="radian" Type="System.Double" />
      </Parameters>
      <Docs>
        <param name="radian">To be added.</param>
        <summary>
            Trigonometric Hyperbolic Cosecant (Cosekans hyperbolicus)
            </summary>
        <returns>To be added.</returns>
        <remarks>To be added.</remarks>
      </Docs>
    </Member>
    <Member MemberName="HyperbolicCosine">
      <MemberSignature Language="C#" Value="public static double HyperbolicCosine (double radian);" />
      <MemberType>Method</MemberType>
      <AssemblyInfo>
        <AssemblyVersion>1.0.0.8645</AssemblyVersion>
        <AssemblyVersion>2008.8.16.470</AssemblyVersion>
      </AssemblyInfo>
      <ReturnValue>
        <ReturnType>System.Double</ReturnType>
      </ReturnValue>
      <Parameters>
        <Parameter Name="radian" Type="System.Double" />
      </Parameters>
      <Docs>
        <param name="radian">To be added.</param>
        <summary>
            Trigonometric Hyperbolic Cosine (Cosinus hyperbolicus)
            </summary>
        <returns>To be added.</returns>
        <remarks>To be added.</remarks>
      </Docs>
    </Member>
    <Member MemberName="HyperbolicCotangent">
      <MemberSignature Language="C#" Value="public static double HyperbolicCotangent (double radian);" />
      <MemberType>Method</MemberType>
      <AssemblyInfo>
        <AssemblyVersion>1.0.0.8645</AssemblyVersion>
        <AssemblyVersion>2008.8.16.470</AssemblyVersion>
      </AssemblyInfo>
      <ReturnValue>
        <ReturnType>System.Double</ReturnType>
      </ReturnValue>
      <Parameters>
        <Parameter Name="radian" Type="System.Double" />
      </Parameters>
      <Docs>
        <param name="radian">To be added.</param>
        <summary>
            Trigonometric Hyperbolic Cotangent (Cotangens hyperbolicus)
            </summary>
        <returns>To be added.</returns>
        <remarks>To be added.</remarks>
      </Docs>
    </Member>
    <Member MemberName="HyperbolicSecant">
      <MemberSignature Language="C#" Value="public static double HyperbolicSecant (double radian);" />
      <MemberType>Method</MemberType>
      <AssemblyInfo>
        <AssemblyVersion>1.0.0.8645</AssemblyVersion>
        <AssemblyVersion>2008.8.16.470</AssemblyVersion>
      </AssemblyInfo>
      <ReturnValue>
        <ReturnType>System.Double</ReturnType>
      </ReturnValue>
      <Parameters>
        <Parameter Name="radian" Type="System.Double" />
      </Parameters>
      <Docs>
        <param name="radian">To be added.</param>
        <summary>
            Trigonometric Hyperbolic Secant (Sekans hyperbolicus)
            </summary>
        <returns>To be added.</returns>
        <remarks>To be added.</remarks>
      </Docs>
    </Member>
    <Member MemberName="HyperbolicSine">
      <MemberSignature Language="C#" Value="public static double HyperbolicSine (double radian);" />
      <MemberType>Method</MemberType>
      <AssemblyInfo>
        <AssemblyVersion>1.0.0.8645</AssemblyVersion>
        <AssemblyVersion>2008.8.16.470</AssemblyVersion>
      </AssemblyInfo>
      <ReturnValue>
        <ReturnType>System.Double</ReturnType>
      </ReturnValue>
      <Parameters>
        <Parameter Name="radian" Type="System.Double" />
      </Parameters>
      <Docs>
        <param name="radian">To be added.</param>
        <summary>
            Trigonometric Hyperbolic Sine (Sinus hyperbolicus)
            </summary>
        <returns>To be added.</returns>
        <remarks>To be added.</remarks>
      </Docs>
    </Member>
    <Member MemberName="HyperbolicTangent">
      <MemberSignature Language="C#" Value="public static double HyperbolicTangent (double radian);" />
      <MemberType>Method</MemberType>
      <AssemblyInfo>
        <AssemblyVersion>1.0.0.8645</AssemblyVersion>
        <AssemblyVersion>2008.8.16.470</AssemblyVersion>
      </AssemblyInfo>
      <ReturnValue>
        <ReturnType>System.Double</ReturnType>
      </ReturnValue>
      <Parameters>
        <Parameter Name="radian" Type="System.Double" />
      </Parameters>
      <Docs>
        <param name="radian">To be added.</param>
        <summary>
            Trigonometric Hyperbolic Tangent (Tangens hyperbolicus)
            </summary>
        <returns>To be added.</returns>
        <remarks>To be added.</remarks>
      </Docs>
    </Member>
    <Member MemberName="InverseCosecant">
      <MemberSignature Language="C#" Value="public static double InverseCosecant (double real);" />
      <MemberType>Method</MemberType>
      <AssemblyInfo>
        <AssemblyVersion>1.0.0.8645</AssemblyVersion>
        <AssemblyVersion>2008.8.16.470</AssemblyVersion>
      </AssemblyInfo>
      <ReturnValue>
        <ReturnType>System.Double</ReturnType>
      </ReturnValue>
      <Parameters>
        <Parameter Name="real" Type="System.Double" />
      </Parameters>
      <Docs>
        <param name="real">To be added.</param>
        <summary>
            Trigonometric Arcus Cosecant (Arkuscosekans) in radian
            </summary>
        <returns>To be added.</returns>
        <remarks>To be added.</remarks>
      </Docs>
    </Member>
    <Member MemberName="InverseCosine">
      <MemberSignature Language="C#" Value="public static double InverseCosine (double real);" />
      <MemberType>Method</MemberType>
      <AssemblyInfo>
        <AssemblyVersion>1.0.0.8645</AssemblyVersion>
        <AssemblyVersion>2008.8.16.470</AssemblyVersion>
      </AssemblyInfo>
      <ReturnValue>
        <ReturnType>System.Double</ReturnType>
      </ReturnValue>
      <Parameters>
        <Parameter Name="real" Type="System.Double" />
      </Parameters>
      <Docs>
        <param name="real">To be added.</param>
        <summary>
            Trigonometric Arcus Cosine (Arkuscosinus) in radian
            </summary>
        <returns>To be added.</returns>
        <remarks>To be added.</remarks>
      </Docs>
    </Member>
    <Member MemberName="InverseCotangent">
      <MemberSignature Language="C#" Value="public static double InverseCotangent (double real);" />
      <MemberType>Method</MemberType>
      <AssemblyInfo>
        <AssemblyVersion>1.0.0.8645</AssemblyVersion>
        <AssemblyVersion>2008.8.16.470</AssemblyVersion>
      </AssemblyInfo>
      <ReturnValue>
        <ReturnType>System.Double</ReturnType>
      </ReturnValue>
      <Parameters>
        <Parameter Name="real" Type="System.Double" />
      </Parameters>
      <Docs>
        <param name="real">To be added.</param>
        <summary>
            Trigonometric Arcus Cotangent (Arkuscotangens) in radian
            </summary>
        <returns>To be added.</returns>
        <remarks>To be added.</remarks>
      </Docs>
    </Member>
    <Member MemberName="InverseHyperbolicCosecant">
      <MemberSignature Language="C#" Value="public static double InverseHyperbolicCosecant (double real);" />
      <MemberType>Method</MemberType>
      <AssemblyInfo>
        <AssemblyVersion>1.0.0.8645</AssemblyVersion>
        <AssemblyVersion>2008.8.16.470</AssemblyVersion>
      </AssemblyInfo>
      <ReturnValue>
        <ReturnType>System.Double</ReturnType>
      </ReturnValue>
      <Parameters>
        <Parameter Name="real" Type="System.Double" />
      </Parameters>
      <Docs>
        <param name="real">To be added.</param>
        <summary>
            Trigonometric Hyperbolic Area Cosecant (Areacosekans hyperbolicus)
            </summary>
        <returns>To be added.</returns>
        <remarks>To be added.</remarks>
      </Docs>
    </Member>
    <Member MemberName="InverseHyperbolicCosine">
      <MemberSignature Language="C#" Value="public static double InverseHyperbolicCosine (double real);" />
      <MemberType>Method</MemberType>
      <AssemblyInfo>
        <AssemblyVersion>1.0.0.8645</AssemblyVersion>
        <AssemblyVersion>2008.8.16.470</AssemblyVersion>
      </AssemblyInfo>
      <ReturnValue>
        <ReturnType>System.Double</ReturnType>
      </ReturnValue>
      <Parameters>
        <Parameter Name="real" Type="System.Double" />
      </Parameters>
      <Docs>
        <param name="real">To be added.</param>
        <summary>
            Trigonometric Hyperbolic Area Cosine (Areacosinus hyperbolicus)
            </summary>
        <returns>To be added.</returns>
        <remarks>To be added.</remarks>
      </Docs>
    </Member>
    <Member MemberName="InverseHyperbolicCotangent">
      <MemberSignature Language="C#" Value="public static double InverseHyperbolicCotangent (double real);" />
      <MemberType>Method</MemberType>
      <AssemblyInfo>
        <AssemblyVersion>1.0.0.8645</AssemblyVersion>
        <AssemblyVersion>2008.8.16.470</AssemblyVersion>
      </AssemblyInfo>
      <ReturnValue>
        <ReturnType>System.Double</ReturnType>
      </ReturnValue>
      <Parameters>
        <Parameter Name="real" Type="System.Double" />
      </Parameters>
      <Docs>
        <param name="real">To be added.</param>
        <summary>
            Trigonometric Hyperbolic Area Cotangent (Areacotangens hyperbolicus)
            </summary>
        <returns>To be added.</returns>
        <remarks>To be added.</remarks>
      </Docs>
    </Member>
    <Member MemberName="InverseHyperbolicSecant">
      <MemberSignature Language="C#" Value="public static double InverseHyperbolicSecant (double real);" />
      <MemberType>Method</MemberType>
      <AssemblyInfo>
        <AssemblyVersion>1.0.0.8645</AssemblyVersion>
        <AssemblyVersion>2008.8.16.470</AssemblyVersion>
      </AssemblyInfo>
      <ReturnValue>
        <ReturnType>System.Double</ReturnType>
      </ReturnValue>
      <Parameters>
        <Parameter Name="real" Type="System.Double" />
      </Parameters>
      <Docs>
        <param name="real">To be added.</param>
        <summary>
            Trigonometric Hyperbolic Area Secant (Areasekans hyperbolicus)
            </summary>
        <returns>To be added.</returns>
        <remarks>To be added.</remarks>
      </Docs>
    </Member>
    <Member MemberName="InverseHyperbolicSine">
      <MemberSignature Language="C#" Value="public static double InverseHyperbolicSine (double real);" />
      <MemberType>Method</MemberType>
      <AssemblyInfo>
        <AssemblyVersion>1.0.0.8645</AssemblyVersion>
        <AssemblyVersion>2008.8.16.470</AssemblyVersion>
      </AssemblyInfo>
      <ReturnValue>
        <ReturnType>System.Double</ReturnType>
      </ReturnValue>
      <Parameters>
        <Parameter Name="real" Type="System.Double" />
      </Parameters>
      <Docs>
        <param name="real">To be added.</param>
        <summary>
            Trigonometric Hyperbolic Area Sine (Areasinus hyperbolicus)
            </summary>
        <returns>To be added.</returns>
        <remarks>To be added.</remarks>
      </Docs>
    </Member>
    <Member MemberName="InverseHyperbolicTangent">
      <MemberSignature Language="C#" Value="public static double InverseHyperbolicTangent (double real);" />
      <MemberType>Method</MemberType>
      <AssemblyInfo>
        <AssemblyVersion>1.0.0.8645</AssemblyVersion>
        <AssemblyVersion>2008.8.16.470</AssemblyVersion>
      </AssemblyInfo>
      <ReturnValue>
        <ReturnType>System.Double</ReturnType>
      </ReturnValue>
      <Parameters>
        <Parameter Name="real" Type="System.Double" />
      </Parameters>
      <Docs>
        <param name="real">To be added.</param>
        <summary>
            Trigonometric Hyperbolic Area Tangent (Areatangens hyperbolicus)
            </summary>
        <returns>To be added.</returns>
        <remarks>To be added.</remarks>
      </Docs>
    </Member>
    <Member MemberName="InverseSecant">
      <MemberSignature Language="C#" Value="public static double InverseSecant (double real);" />
      <MemberType>Method</MemberType>
      <AssemblyInfo>
        <AssemblyVersion>1.0.0.8645</AssemblyVersion>
        <AssemblyVersion>2008.8.16.470</AssemblyVersion>
      </AssemblyInfo>
      <ReturnValue>
        <ReturnType>System.Double</ReturnType>
      </ReturnValue>
      <Parameters>
        <Parameter Name="real" Type="System.Double" />
      </Parameters>
      <Docs>
        <param name="real">To be added.</param>
        <summary>
            Trigonometric Arcus Secant (Arkussekans) in radian
            </summary>
        <returns>To be added.</returns>
        <remarks>To be added.</remarks>
      </Docs>
    </Member>
    <Member MemberName="InverseSine">
      <MemberSignature Language="C#" Value="public static double InverseSine (double real);" />
      <MemberType>Method</MemberType>
      <AssemblyInfo>
        <AssemblyVersion>1.0.0.8645</AssemblyVersion>
        <AssemblyVersion>2008.8.16.470</AssemblyVersion>
      </AssemblyInfo>
      <ReturnValue>
        <ReturnType>System.Double</ReturnType>
      </ReturnValue>
      <Parameters>
        <Parameter Name="real" Type="System.Double" />
      </Parameters>
      <Docs>
        <param name="real">To be added.</param>
        <summary>
            Trigonometric Arcus Sine (Arkussinus) in radian
            </summary>
        <returns>To be added.</returns>
        <remarks>To be added.</remarks>
      </Docs>
    </Member>
    <Member MemberName="InverseTangent">
      <MemberSignature Language="C#" Value="public static double InverseTangent (double real);" />
      <MemberType>Method</MemberType>
      <AssemblyInfo>
        <AssemblyVersion>1.0.0.8645</AssemblyVersion>
        <AssemblyVersion>2008.8.16.470</AssemblyVersion>
      </AssemblyInfo>
      <ReturnValue>
        <ReturnType>System.Double</ReturnType>
      </ReturnValue>
      <Parameters>
        <Parameter Name="real" Type="System.Double" />
      </Parameters>
      <Docs>
        <param name="real">To be added.</param>
        <summary>
            Trigonometric Arcus Tangent (Arkustangens) in radian
            </summary>
        <returns>To be added.</returns>
        <remarks>To be added.</remarks>
      </Docs>
    </Member>
    <Member MemberName="InverseTangentFromRational">
      <MemberSignature Language="C#" Value="public static double InverseTangentFromRational (double nominator, double denominator);" />
      <MemberType>Method</MemberType>
      <AssemblyInfo>
        <AssemblyVersion>1.0.0.8645</AssemblyVersion>
        <AssemblyVersion>2008.8.16.470</AssemblyVersion>
      </AssemblyInfo>
      <ReturnValue>
        <ReturnType>System.Double</ReturnType>
      </ReturnValue>
      <Parameters>
        <Parameter Name="nominator" Type="System.Double" />
        <Parameter Name="denominator" Type="System.Double" />
      </Parameters>
      <Docs>
        <param name="nominator">y</param>
        <param name="denominator">x</param>
        <summary>
            The principal argument (in radian) of the complex number x+I*y
            </summary>
        <returns>To be added.</returns>
        <remarks>To be added.</remarks>
      </Docs>
    </Member>
    <Member MemberName="RadianToDegree">
      <MemberSignature Language="C#" Value="public static double RadianToDegree (double radian);" />
      <MemberType>Method</MemberType>
      <AssemblyInfo>
        <AssemblyVersion>1.0.0.8645</AssemblyVersion>
        <AssemblyVersion>2008.8.16.470</AssemblyVersion>
      </AssemblyInfo>
      <ReturnValue>
        <ReturnType>System.Double</ReturnType>
      </ReturnValue>
      <Parameters>
        <Parameter Name="radian" Type="System.Double" />
      </Parameters>
      <Docs>
        <param name="radian">To be added.</param>
        <summary>
            Converts a radian (2*Pi-periodic) angle to a degree (360-periodic) angle.
            </summary>
        <returns>To be added.</returns>
        <remarks>To be added.</remarks>
      </Docs>
    </Member>
    <Member MemberName="RadianToGrad">
      <MemberSignature Language="C#" Value="public static double RadianToGrad (double radian);" />
      <MemberType>Method</MemberType>
      <AssemblyInfo>
        <AssemblyVersion>1.0.0.8645</AssemblyVersion>
        <AssemblyVersion>2008.8.16.470</AssemblyVersion>
      </AssemblyInfo>
      <ReturnValue>
        <ReturnType>System.Double</ReturnType>
      </ReturnValue>
      <Parameters>
        <Parameter Name="radian" Type="System.Double" />
      </Parameters>
      <Docs>
        <param name="radian">To be added.</param>
        <summary>
            Converts a radian (2*Pi-periodic) angle to a newgrad (400-periodic) angle.
            </summary>
        <returns>To be added.</returns>
        <remarks>To be added.</remarks>
      </Docs>
    </Member>
    <Member MemberName="Secant">
      <MemberSignature Language="C#" Value="public static double Secant (double radian);" />
      <MemberType>Method</MemberType>
      <AssemblyInfo>
        <AssemblyVersion>1.0.0.8645</AssemblyVersion>
        <AssemblyVersion>2008.8.16.470</AssemblyVersion>
      </AssemblyInfo>
      <ReturnValue>
        <ReturnType>System.Double</ReturnType>
      </ReturnValue>
      <Parameters>
        <Parameter Name="radian" Type="System.Double" />
      </Parameters>
      <Docs>
        <param name="radian">To be added.</param>
        <summary>
            Trigonometric Secant (Sekans) of an angle in radian
            </summary>
        <returns>To be added.</returns>
        <remarks>To be added.</remarks>
      </Docs>
    </Member>
    <Member MemberName="Sine">
      <MemberSignature Language="C#" Value="public static double Sine (double radian);" />
      <MemberType>Method</MemberType>
      <AssemblyInfo>
        <AssemblyVersion>1.0.0.8645</AssemblyVersion>
        <AssemblyVersion>2008.8.16.470</AssemblyVersion>
      </AssemblyInfo>
      <ReturnValue>
        <ReturnType>System.Double</ReturnType>
      </ReturnValue>
      <Parameters>
        <Parameter Name="radian" Type="System.Double" />
      </Parameters>
      <Docs>
        <param name="radian">To be added.</param>
        <summary>
            Trigonometric Sine (Sinus) of an angle in radian
            </summary>
        <returns>To be added.</returns>
        <remarks>To be added.</remarks>
      </Docs>
    </Member>
    <Member MemberName="Tangent">
      <MemberSignature Language="C#" Value="public static double Tangent (double radian);" />
      <MemberType>Method</MemberType>
      <AssemblyInfo>
        <AssemblyVersion>1.0.0.8645</AssemblyVersion>
        <AssemblyVersion>2008.8.16.470</AssemblyVersion>
      </AssemblyInfo>
      <ReturnValue>
        <ReturnType>System.Double</ReturnType>
      </ReturnValue>
      <Parameters>
        <Parameter Name="radian" Type="System.Double" />
      </Parameters>
      <Docs>
        <param name="radian">To be added.</param>
        <summary>
            Trigonometric Tangent (Tangens) of an angle in radian
            </summary>
        <returns>To be added.</returns>
        <remarks>To be added.</remarks>
      </Docs>
    </Member>
  </Members>
</Type>
