<Type Name="RationalInterpolation" FullName="MathNet.Numerics.Interpolation.Algorithms.RationalInterpolation">
  <TypeSignature Language="C#" Value="public class RationalInterpolation : MathNet.Numerics.Interpolation.IInterpolationMethod" />
  <AssemblyInfo>
    <AssemblyName>MathNet.Iridium</AssemblyName>
    <AssemblyVersion>1.0.0.8645</AssemblyVersion>
    <AssemblyVersion>2008.8.16.470</AssemblyVersion>
  </AssemblyInfo>
  <Base>
    <BaseTypeName>System.Object</BaseTypeName>
  </Base>
  <Interfaces>
    <Interface>
      <InterfaceName>MathNet.Numerics.Interpolation.IInterpolationMethod</InterfaceName>
    </Interface>
  </Interfaces>
  <Docs>
    <summary>
            Rational Interpolation (with poles) using Bulirsch &amp; Stoer's Algorithm.
            </summary>
    <remarks>To be added.</remarks>
  </Docs>
  <Members>
    <Member MemberName=".ctor">
      <MemberSignature Language="C#" Value="public RationalInterpolation ();" />
      <MemberType>Constructor</MemberType>
      <AssemblyInfo>
        <AssemblyVersion>1.0.0.8645</AssemblyVersion>
        <AssemblyVersion>2008.8.16.470</AssemblyVersion>
      </AssemblyInfo>
      <Parameters />
      <Docs>
        <summary>
            Create a neville polynomial interpolation algorithm instance.
            </summary>
        <remarks>
            This algorithm neither supports differentiation nor interation.
            </remarks>
      </Docs>
    </Member>
    <Member MemberName="Differentiate">
      <MemberSignature Language="C#" Value="public double Differentiate (double t, out double first, out double second);" />
      <MemberType>Method</MemberType>
      <AssemblyInfo>
        <AssemblyVersion>1.0.0.8645</AssemblyVersion>
        <AssemblyVersion>2008.8.16.470</AssemblyVersion>
      </AssemblyInfo>
      <ReturnValue>
        <ReturnType>System.Double</ReturnType>
      </ReturnValue>
      <Parameters>
        <Parameter Name="t" Type="System.Double" />
        <Parameter Name="first" Type="System.Double&amp;" RefType="out" />
        <Parameter Name="second" Type="System.Double&amp;" RefType="out" />
      </Parameters>
      <Docs>
        <param name="t">Point t to interpolate at.</param>
        <param name="first">Interpolated first derivative at point t.</param>
        <param name="second">Interpolated second derivative at point t.</param>
        <summary>
            Differentiate at point t.
            </summary>
        <returns>Interpolated value x(t).</returns>
        <remarks>To be added.</remarks>
      </Docs>
    </Member>
    <Member MemberName="Init">
      <MemberSignature Language="C#" Value="public void Init (System.Collections.Generic.IList&lt;double&gt; t, System.Collections.Generic.IList&lt;double&gt; x);" />
      <MemberType>Method</MemberType>
      <AssemblyInfo>
        <AssemblyVersion>1.0.0.8645</AssemblyVersion>
        <AssemblyVersion>2008.8.16.470</AssemblyVersion>
      </AssemblyInfo>
      <ReturnValue>
        <ReturnType>System.Void</ReturnType>
      </ReturnValue>
      <Parameters>
        <Parameter Name="t" Type="System.Collections.Generic.IList&lt;System.Double&gt;" />
        <Parameter Name="x" Type="System.Collections.Generic.IList&lt;System.Double&gt;" />
      </Parameters>
      <Docs>
        <param name="t">Points t</param>
        <param name="x">Values x(t)</param>
        <summary>
            Initialize the interpolation method with the given sample set.
            </summary>
        <remarks>To be added.</remarks>
      </Docs>
    </Member>
    <Member MemberName="Integrate">
      <MemberSignature Language="C#" Value="public double Integrate (double t);" />
      <MemberType>Method</MemberType>
      <AssemblyInfo>
        <AssemblyVersion>1.0.0.8645</AssemblyVersion>
        <AssemblyVersion>2008.8.16.470</AssemblyVersion>
      </AssemblyInfo>
      <ReturnValue>
        <ReturnType>System.Double</ReturnType>
      </ReturnValue>
      <Parameters>
        <Parameter Name="t" Type="System.Double" />
      </Parameters>
      <Docs>
        <param name="t">Right bound of the integration interval [a,t].</param>
        <summary>
            Definite Integrate up to point t.
            </summary>
        <returns>Interpolated definite integeral over the interval [a,t].</returns>
        <remarks>To be added.</remarks>
        <altmember cref="P:MathNet.Numerics.Interpolation.Algorithms.RationalInterpolation.SupportsIntegration" />
      </Docs>
    </Member>
    <Member MemberName="Interpolate">
      <MemberSignature Language="C#" Value="public double Interpolate (double t);" />
      <MemberType>Method</MemberType>
      <AssemblyInfo>
        <AssemblyVersion>1.0.0.8645</AssemblyVersion>
        <AssemblyVersion>2008.8.16.470</AssemblyVersion>
      </AssemblyInfo>
      <ReturnValue>
        <ReturnType>System.Double</ReturnType>
      </ReturnValue>
      <Parameters>
        <Parameter Name="t" Type="System.Double" />
      </Parameters>
      <Docs>
        <param name="t">Point t to interpolate at.</param>
        <summary>
            Interpolate at point t.
            </summary>
        <returns>Interpolated value x(t).</returns>
        <remarks>To be added.</remarks>
        <altmember cref="M:MathNet.Numerics.Interpolation.Algorithms.RationalInterpolation.Differentiate(System.Double,System.Double@,System.Double@)" />
      </Docs>
    </Member>
    <Member MemberName="SupportsDifferentiation">
      <MemberSignature Language="C#" Value="public bool SupportsDifferentiation { get; }" />
      <MemberType>Property</MemberType>
      <AssemblyInfo>
        <AssemblyVersion>1.0.0.8645</AssemblyVersion>
        <AssemblyVersion>2008.8.16.470</AssemblyVersion>
      </AssemblyInfo>
      <ReturnValue>
        <ReturnType>System.Boolean</ReturnType>
      </ReturnValue>
      <Docs>
        <summary>
            True if the alorithm supports differentiation.
            </summary>
        <value>To be added.</value>
        <remarks>To be added.</remarks>
        <altmember cref="M:MathNet.Numerics.Interpolation.Algorithms.RationalInterpolation.Differentiate(System.Double,System.Double@,System.Double@)" />
      </Docs>
    </Member>
    <Member MemberName="SupportsIntegration">
      <MemberSignature Language="C#" Value="public bool SupportsIntegration { get; }" />
      <MemberType>Property</MemberType>
      <AssemblyInfo>
        <AssemblyVersion>1.0.0.8645</AssemblyVersion>
        <AssemblyVersion>2008.8.16.470</AssemblyVersion>
      </AssemblyInfo>
      <ReturnValue>
        <ReturnType>System.Boolean</ReturnType>
      </ReturnValue>
      <Docs>
        <summary>
            True if the alorithm supports integration.
            </summary>
        <value>To be added.</value>
        <remarks>To be added.</remarks>
        <altmember cref="M:MathNet.Numerics.Interpolation.Algorithms.RationalInterpolation.Integrate(System.Double)" />
      </Docs>
    </Member>
  </Members>
</Type>
