<Type Name="RealFourierTransformation" FullName="MathNet.Numerics.Transformations.RealFourierTransformation">
  <TypeSignature Language="C#" Value="public class RealFourierTransformation" />
  <AssemblyInfo>
    <AssemblyName>MathNet.Iridium</AssemblyName>
    <AssemblyVersion>1.0.0.8645</AssemblyVersion>
    <AssemblyVersion>2008.8.16.470</AssemblyVersion>
  </AssemblyInfo>
  <Base>
    <BaseTypeName>System.Object</BaseTypeName>
  </Base>
  <Interfaces />
  <Docs>
    <summary>
      <para>The <c>RealFourierTransformation</c> provides algorithms
            for one, two and three dimensional fast fourier transformations
            (FFT) on real vectors.</para>
      <para>This class caches precomputations locally, thus consider reusing/caching it.</para>
    </summary>
    <remarks>To be added.</remarks>
  </Docs>
  <Members>
    <Member MemberName=".ctor">
      <MemberSignature Language="C#" Value="public RealFourierTransformation ();" />
      <MemberType>Constructor</MemberType>
      <AssemblyInfo>
        <AssemblyVersion>1.0.0.8645</AssemblyVersion>
        <AssemblyVersion>2008.8.16.470</AssemblyVersion>
      </AssemblyInfo>
      <Parameters />
      <Docs>
        <summary>
            Construct a real fourier transformation instance.
            </summary>
        <remarks>To be added.</remarks>
      </Docs>
    </Member>
    <Member MemberName=".ctor">
      <MemberSignature Language="C#" Value="public RealFourierTransformation (MathNet.Numerics.Transformations.TransformationConvention convention);" />
      <MemberType>Constructor</MemberType>
      <AssemblyInfo>
        <AssemblyVersion>1.0.0.8645</AssemblyVersion>
        <AssemblyVersion>2008.8.16.470</AssemblyVersion>
      </AssemblyInfo>
      <Parameters>
        <Parameter Name="convention" Type="MathNet.Numerics.Transformations.TransformationConvention" />
      </Parameters>
      <Docs>
        <param name="convention">Fourier Transformation convention</param>
        <summary>
            Construct a real fourier transformation instance with a given convention.
            </summary>
        <remarks>To be added.</remarks>
      </Docs>
    </Member>
    <Member MemberName="Convention">
      <MemberSignature Language="C#" Value="public MathNet.Numerics.Transformations.TransformationConvention Convention { set; get; }" />
      <MemberType>Property</MemberType>
      <AssemblyInfo>
        <AssemblyVersion>1.0.0.8645</AssemblyVersion>
        <AssemblyVersion>2008.8.16.470</AssemblyVersion>
      </AssemblyInfo>
      <ReturnValue>
        <ReturnType>MathNet.Numerics.Transformations.TransformationConvention</ReturnType>
      </ReturnValue>
      <Docs>
        <summary>
            Fourier Transformation Convention
            </summary>
        <value>To be added.</value>
        <remarks>To be added.</remarks>
      </Docs>
    </Member>
    <Member MemberName="GenerateFrequencyScale">
      <MemberSignature Language="C#" Value="public double[] GenerateFrequencyScale (double sampleRate, int numberOfSamples);" />
      <MemberType>Method</MemberType>
      <AssemblyInfo>
        <AssemblyVersion>1.0.0.8645</AssemblyVersion>
        <AssemblyVersion>2008.8.16.470</AssemblyVersion>
      </AssemblyInfo>
      <ReturnValue>
        <ReturnType>System.Double[]</ReturnType>
      </ReturnValue>
      <Parameters>
        <Parameter Name="sampleRate" Type="System.Double" />
        <Parameter Name="numberOfSamples" Type="System.Int32" />
      </Parameters>
      <Docs>
        <param name="sampleRate">The sampling rate of the time-space data.</param>
        <param name="numberOfSamples">Number of data samples.</param>
        <summary>
            Generate the expected sample points in frequency space.
            </summary>
        <returns>To be added.</returns>
        <remarks>To be added.</remarks>
      </Docs>
    </Member>
    <Member MemberName="GenerateTimeScale">
      <MemberSignature Language="C#" Value="public double[] GenerateTimeScale (double sampleRate, int numberOfSamples);" />
      <MemberType>Method</MemberType>
      <AssemblyInfo>
        <AssemblyVersion>1.0.0.8645</AssemblyVersion>
        <AssemblyVersion>2008.8.16.470</AssemblyVersion>
      </AssemblyInfo>
      <ReturnValue>
        <ReturnType>System.Double[]</ReturnType>
      </ReturnValue>
      <Parameters>
        <Parameter Name="sampleRate" Type="System.Double" />
        <Parameter Name="numberOfSamples" Type="System.Int32" />
      </Parameters>
      <Docs>
        <param name="sampleRate">The sampling rate of the time-space data.</param>
        <param name="numberOfSamples">Number of data samples.</param>
        <summary>
            Generate the expected sample points in time space.
            </summary>
        <returns>To be added.</returns>
        <remarks>To be added.</remarks>
      </Docs>
    </Member>
    <Member MemberName="TransformBackward">
      <MemberSignature Language="C#" Value="public void TransformBackward (double[] fftReal, double[] fftImag, out double[] samples);" />
      <MemberType>Method</MemberType>
      <AssemblyInfo>
        <AssemblyVersion>1.0.0.8645</AssemblyVersion>
        <AssemblyVersion>2008.8.16.470</AssemblyVersion>
      </AssemblyInfo>
      <ReturnValue>
        <ReturnType>System.Void</ReturnType>
      </ReturnValue>
      <Parameters>
        <Parameter Name="fftReal" Type="System.Double[]" />
        <Parameter Name="fftImag" Type="System.Double[]" />
        <Parameter Name="samples" Type="System.Double[]&amp;" RefType="out" />
      </Parameters>
      <Docs>
        <param name="fftReal">To be added.</param>
        <param name="fftImag">To be added.</param>
        <param name="samples">To be added.</param>
        <summary>
            Outplace Backward Transformation in one dimension.
            Size must be Power of Two.
            </summary>
        <remarks>To be added.</remarks>
      </Docs>
    </Member>
    <Member MemberName="TransformBackward">
      <MemberSignature Language="C#" Value="public void TransformBackward (double[] fftReal, double[] fftImag, out double[] samples, int[] dimensionLengths);" />
      <MemberType>Method</MemberType>
      <AssemblyInfo>
        <AssemblyVersion>1.0.0.8645</AssemblyVersion>
        <AssemblyVersion>2008.8.16.470</AssemblyVersion>
      </AssemblyInfo>
      <ReturnValue>
        <ReturnType>System.Void</ReturnType>
      </ReturnValue>
      <Parameters>
        <Parameter Name="fftReal" Type="System.Double[]" />
        <Parameter Name="fftImag" Type="System.Double[]" />
        <Parameter Name="samples" Type="System.Double[]&amp;" RefType="out" />
        <Parameter Name="dimensionLengths" Type="System.Int32[]">
          <Attributes>
            <Attribute>
              <AttributeName>System.ParamArray</AttributeName>
            </Attribute>
          </Attributes>
        </Parameter>
      </Parameters>
      <Docs>
        <param name="fftReal">To be added.</param>
        <param name="fftImag">To be added.</param>
        <param name="samples">To be added.</param>
        <param name="dimensionLengths">To be added.</param>
        <summary>
            Outplace Backward Transformation in multiple dimensions.
            Size must be Power of Two in each dimension.
            The Data is expected to be ordered such that the last index changes most rapidly (in 2D this means row-by-row when indexing as [y,x]).
            </summary>
        <remarks>To be added.</remarks>
      </Docs>
    </Member>
    <Member MemberName="TransformBackward">
      <MemberSignature Language="C#" Value="public void TransformBackward (double[] fftReal1, double[] fftImag1, double[] fftReal2, double[] fftImag2, out double[] samples1, out double[] samples2);" />
      <MemberType>Method</MemberType>
      <AssemblyInfo>
        <AssemblyVersion>1.0.0.8645</AssemblyVersion>
        <AssemblyVersion>2008.8.16.470</AssemblyVersion>
      </AssemblyInfo>
      <ReturnValue>
        <ReturnType>System.Void</ReturnType>
      </ReturnValue>
      <Parameters>
        <Parameter Name="fftReal1" Type="System.Double[]" />
        <Parameter Name="fftImag1" Type="System.Double[]" />
        <Parameter Name="fftReal2" Type="System.Double[]" />
        <Parameter Name="fftImag2" Type="System.Double[]" />
        <Parameter Name="samples1" Type="System.Double[]&amp;" RefType="out" />
        <Parameter Name="samples2" Type="System.Double[]&amp;" RefType="out" />
      </Parameters>
      <Docs>
        <param name="fftReal1">Real part of the first vector in frequency space. Length must be a power of two.</param>
        <param name="fftImag1">Imaginary part of the first vector in frequency space. Length must be a power of two.</param>
        <param name="fftReal2">Real part of the second vector in frequency space. Length must be a power of two.</param>
        <param name="fftImag2">Imaginary part of the second vector in frequency space. Length must be a power of two.</param>
        <param name="samples1">Output samples for the first vector.</param>
        <param name="samples2">Output samples for te second vector.</param>
        <summary>
            Outplace Backward Transformation in one dimension for two vectors with the same length.
            Size must be Power of Two.
            </summary>
        <remarks>To be added.</remarks>
      </Docs>
    </Member>
    <Member MemberName="TransformForward">
      <MemberSignature Language="C#" Value="public void TransformForward (double[] samples, out double[] fftReal, out double[] fftImag);" />
      <MemberType>Method</MemberType>
      <AssemblyInfo>
        <AssemblyVersion>1.0.0.8645</AssemblyVersion>
        <AssemblyVersion>2008.8.16.470</AssemblyVersion>
      </AssemblyInfo>
      <ReturnValue>
        <ReturnType>System.Void</ReturnType>
      </ReturnValue>
      <Parameters>
        <Parameter Name="samples" Type="System.Double[]" />
        <Parameter Name="fftReal" Type="System.Double[]&amp;" RefType="out" />
        <Parameter Name="fftImag" Type="System.Double[]&amp;" RefType="out" />
      </Parameters>
      <Docs>
        <param name="samples">Real samples. Length must be a power of two.</param>
        <param name="fftReal">Output of the sample set, real part.</param>
        <param name="fftImag">Output of the sample set, imaginary part.</param>
        <summary>
            Outplace Forward Transformation in one dimension.
            Size must be Power of Two.
            </summary>
        <remarks>To be added.</remarks>
      </Docs>
    </Member>
    <Member MemberName="TransformForward">
      <MemberSignature Language="C#" Value="public void TransformForward (double[] samples, out double[] fftReal, out double[] fftImag, int[] dimensionLengths);" />
      <MemberType>Method</MemberType>
      <AssemblyInfo>
        <AssemblyVersion>1.0.0.8645</AssemblyVersion>
        <AssemblyVersion>2008.8.16.470</AssemblyVersion>
      </AssemblyInfo>
      <ReturnValue>
        <ReturnType>System.Void</ReturnType>
      </ReturnValue>
      <Parameters>
        <Parameter Name="samples" Type="System.Double[]" />
        <Parameter Name="fftReal" Type="System.Double[]&amp;" RefType="out" />
        <Parameter Name="fftImag" Type="System.Double[]&amp;" RefType="out" />
        <Parameter Name="dimensionLengths" Type="System.Int32[]">
          <Attributes>
            <Attribute>
              <AttributeName>System.ParamArray</AttributeName>
            </Attribute>
          </Attributes>
        </Parameter>
      </Parameters>
      <Docs>
        <param name="samples">Real samples. Length must be a power of two in each dimension.</param>
        <param name="fftReal">Output of the sample set, real part.</param>
        <param name="fftImag">Output of the sample set, imaginary part.</param>
        <param name="dimensionLengths">Sizes, must be Power of Two in each dimension</param>
        <summary>
            Outplace Forward Transformation in multiple dimensions.
            Size must be Power of Two in each dimension.
            The Data is expected to be ordered such that the last index changes most rapidly (in 2D this means row-by-row when indexing as [y,x]).
            </summary>
        <remarks>To be added.</remarks>
      </Docs>
    </Member>
    <Member MemberName="TransformForward">
      <MemberSignature Language="C#" Value="public void TransformForward (double[] samples1, double[] samples2, out double[] fftReal1, out double[] fftImag1, out double[] fftReal2, out double[] fftImag2);" />
      <MemberType>Method</MemberType>
      <AssemblyInfo>
        <AssemblyVersion>1.0.0.8645</AssemblyVersion>
        <AssemblyVersion>2008.8.16.470</AssemblyVersion>
      </AssemblyInfo>
      <ReturnValue>
        <ReturnType>System.Void</ReturnType>
      </ReturnValue>
      <Parameters>
        <Parameter Name="samples1" Type="System.Double[]" />
        <Parameter Name="samples2" Type="System.Double[]" />
        <Parameter Name="fftReal1" Type="System.Double[]&amp;" RefType="out" />
        <Parameter Name="fftImag1" Type="System.Double[]&amp;" RefType="out" />
        <Parameter Name="fftReal2" Type="System.Double[]&amp;" RefType="out" />
        <Parameter Name="fftImag2" Type="System.Double[]&amp;" RefType="out" />
      </Parameters>
      <Docs>
        <param name="samples1">Real samples. Length must be a power of two.</param>
        <param name="samples2">Real samples. Length must be a power of two.</param>
        <param name="fftReal1">Output for the first sample set, real part.</param>
        <param name="fftImag1">Output for the first sample set, imaginary part</param>
        <param name="fftReal2">Output for the second sample set, real part.</param>
        <param name="fftImag2">Output for the second sample set, imaginary part.</param>
        <summary>
            Outplace Forward Transformation in one dimension for two vectors with the same length.
            Size must be Power of Two.
            </summary>
        <remarks>To be added.</remarks>
      </Docs>
    </Member>
  </Members>
</Type>
