<content xml:space="preserve">

  <!-- note text -->
  <item id="notDocumentedText">This API is not documented.</item>
  <item id="preliminaryText">This API is preliminary and subject to change.</item>

  <!-- topic titles -->
  <item id="tocTitle">{0}</item>
  <item id="rlTitle">{0} ({1})</item>
  <item id="rootTopicTitle">Namespaces</item>
	<item id="namespaceTopicTitle">{0} Namespace</item>
	<item id="classTopicTitle">{0} Class</item>
	<item id="structureTopicTitle">{0} Structure</item>
	<item id="interfaceTopicTitle">{0} Interface</item>
	<item id="DerivedTypeListTopicTitle">{0} Derived Classes</item>
  
	<item id="delegateTopicTitle">{0} Delegate</item>
	<item id="enumerationTopicTitle">{0} Enumeration</item>
	<item id="fieldTopicTitle">{0} Field</item>
	<item id="methodTopicTitle">{0} Method {1}</item>
	<item id="constructorTopicTitle">{0} Constructor {1}</item>
	<item id="propertyTopicTitle">{0} Property {1}</item>
	<item id="eventTopicTitle">{0} Event</item>
	<item id="operatorTopicTitle">{0} Operator</item>
  
	<item id="attachedPropertyTopicTitle">{0} Attached Property</item>
	<item id="attachedEventTopicTitle">{0} Attached Event</item>

  <item id="generic"> generic</item>
  <item id="generic_classTopicTitle">{0} Generic Class</item>
  <item id="generic_structureTopicTitle">{0} Generic Structure</item>
  <item id="generic_interfaceTopicTitle">{0} Generic Interface</item>
  <item id="generic_delegateTopicTitle">{0} Generic Delegate</item>
  <item id="generic_methodTopicTitle">{0} Generic Method {1}</item>
  
	<!-- list topic titles -->
	<item id="FieldsTopicTitle">{0} Fields</item>
	<item id="MethodsTopicTitle">{0} Methods {1}</item>
	<item id="ConstructorsTopicTitle">{0} Constructors {1}</item>
	<item id="PropertiesTopicTitle">{0} Properties {1}</item>
	<item id="EventsTopicTitle">{0} Events</item>
	<item id="AttachedPropertiesTopicTitle">{0} Attached Properties</item>
  	<item id="AttachedEventsTopicTitle">{0} Attached Events</item>
	<item id="membersTopicTitle">{0} Members</item>

	<!-- member titles -->
	<item id="enumMembersTitle">Members</item>

	<!-- index entries -->
	<item id="rootIndexEntry">namespaces</item>
  <item id="namespaceIndexEntry">{0} namespace</item>
  <item id="classIndexEntry">{0} class</item>
	<item id="structureIndexEntry">{0} structure</item>
	<item id="interfaceIndexEntry">{0} interface</item>
	<item id="delegateIndexEntry">{0} delegate</item>
	<item id="enumerationIndexEntry">{0} enumeration</item>
  <item id="enumerationMemberIndexEntry">{0} enumeration member</item>
  <item id="aboutTypeIndexEntry">{0}, about {0}</item>
  <item id="derivedTypesIndexEntry">{0}, derived types</item>
  <item id="membersIndexEntry">{0}, all members</item>
  <item id="methodsIndexEntry">{0}, methods</item>
  <item id="propertiesIndexEntry">{0}, properties</item>
  <item id="fieldsIndexEntry">{0}, fields</item>
  <item id="eventsIndexEntry">{0}, events</item>
  <item id="attachedPropertiesIndexEntry">{0}, attached properties</item>
  <item id="attachedEventsIndexEntry">{0}, attached events</item>
	<item id="constructorsIndexEntry">{0}, constructors</item>
	<item id="constructorIndexEntry">{0}, constructor</item>
<item id="constructorTypeIndexEntry">{0} constructor</item>
  <item id="methodIndexEntry">{0} method</item>
	<item id="propertyIndexEntry">{0} property</item>
	<item id="eventIndexEntry">{0} event</item>
	<item id="fieldIndexEntry">{0} field</item>
	<item id="operatorIndexEntry">{0} operator</item>
	<item id="attachedPropertyIndexEntry">{0} attached property</item>
	<item id="attachedEventIndexEntry">{0} attached event</item>
	<item id="methodExplicitIndexEntry">{0} explicitly implemented method</item>
	<item id="propertyExplicitIndexEntry">{0} explicitly implemented property</item>
	<item id="eventExplicitIndexEntry">{0} explicitly implemented event</item>
	<item id="fieldExplicitIndexEntry">{0} explicitly implemented field</item>
	
   <!-- index entries like: "FileClassifier class" or "Execute method" or "Microsoft.Build.Tasks.Windows.FileClassifier class"
       {0} is API's name, which is shortname in some cases, or FQName in others
       {1} is API's subgroup, e.g. 'class', 'method', etc.
  <item id="nameSubgroupIndexEntry">{0} <include item="{1}IndexEntry"/></item>
-->
  <!-- index entries like: "FileClassifier class, about FileClassifier class"
       {0} is API's name, which is shortname in some cases, or FQName in others
       {1} is API's subgroup, e.g. 'class', 'method', etc.
  <item id="aboutTypeIndexEntry">{0} <include item="{1}IndexEntry"/>, about {0} <include item="{1}IndexEntry"/></item>
  -->
  <!-- index entries like: "FileClassifier class, methods"
       {0} is type's name; 
       {1} is type's subgroup, e.g. 'class'; 
       {2} is the kind of list, e.g. 'AllMembers', 'Methods', etc.
  <item id="listTopicIndexEntry">{0} <include item="{1}IndexEntry"/>, <include item="{2}IndexEntry"/></item>
 -->
	<!-- main window stuff -->

	<!-- body -->

	<!-- section titles -->
	<item id="syntaxTitle">Syntax</item>
	<item id="templatesTitle">Type Parameters</item>
	<item id="parametersTitle">Parameters</item>
	<item id="valueTitle">Value</item>
	<item id="delegateValueTitle">Return Value</item>
	<item id="methodValueTitle">Return Value</item>
	<item id="propertyValueTitle">Property Value</item>
	<item id="fieldValueTitle">Field Value</item>
  <item id="implementsTitle">Implements</item>
	<item id="examplesTitle">Examples</item>
	<item id="threadSafetyTitle">Thread Safety</item>
	<item id="permissionsTitle">Permissions</item>
	<item id="namespacesTitle">Namespaces</item>
	<item id="typesTitle">Types</item>
  <item id="allMembersTitle">Members</item>
	<item id="membersTitle">Overload List</item>
	<item id="familyTitle">Inheritance Hierarchy</item>
	<item id="versionsTitle">Version Information</item>
	<item id="platformsTitle">Platforms</item>
  <item id="relatedTitle">See Also</item>
  <item id="ExtensionUsageTitle">Usage Note</item>
  <item id="ExtensionUsageText">In Visual Basic and C#, you can call this method as an instance method on any object of type {0}. When you use instance method syntax to call this method, omit the first parameter. For more information, see <conceptualLink target="b8020aae-374d-46a9-bcb7-8cc2390b93b6" /> or <conceptualLink target="175ce3ff-9bbf-4e64-8421-faeb81a0bb51" />.</item>

	<!-- table headers -->
	<item id="namespaceNameHeader">Namespace</item>
	<item id="namespaceDescriptionHeader">Description</item>
	<item id="typeIconHeader">Icon</item>
  <item id="classNameHeader">Class</item>
  <item id="structureNameHeader">Structure</item>
  <item id="interfaceNameHeader">Interface</item>
  <item id="delegateNameHeader">Delegate</item>
  <item id="enumerationNameHeader">Enumeration</item>
  
	<item id="typeNameHeader">Name</item>
	<item id="typeDescriptionHeader">Description</item>
	<item id="memberIconHeader">Icon</item>
	<item id="memberNameHeader">Member name</item>
	<item id="memberDescriptionHeader">Description</item>
	<item id="exceptionNameHeader">Exception</item>
	<item id="exceptionConditionHeader">Condition</item>
	<item id="permissionNameHeader">Permission</item>
	<item id="permissionDescriptionHeader">Description</item>

	<!-- filter control text -->
	<item id="allTypesFilterLabel">All Types</item>
	<item id="classTypesFilterLabel">Classes</item>
	<item id="structureTypesFilterLabel">Structures</item>
	<item id="interfaceTypesFilterLabel">Interfaces</item>
	<item id="delegateTypesFilterLabel">Delegates</item>
	<item id="enumerationTypesFilterLabel">Enumerations</item>
	<item id="allMembersFilterLabel">All Members</item>
	<item id="constructorMembersFilterLabel">Constructors</item>
	<item id="methodMembersFilterLabel">Methods</item>
	<item id="propertyMembersFilterLabel">Properties</item>
	<item id="fieldMembersFilterLabel">Fields</item>
	<item id="eventMembersFilterLabel">Events</item>
	<item id="publicMembersFilterLabel">Public</item>
	<item id="protectedMembersFilterLabel">Protected</item>
	<item id="instanceMembersFilterLabel">Instance</item>
	<item id="staticMembersFilterLabel">Static</item>
	<item id="declaredMembersFilterLabel">Declared</item>
	<item id="inheritedMembersFilterLabel">Inherited</item>
  
  <!-- member list table headings -->
  <item id="constructorTable">Constructors</item>
  <item id="methodTable">Methods</item>
  <item id="operatorTable">Operators</item>
  <item id="fieldTable">Fields</item>
  <item id="propertyTable">Properties</item>
  <item id="eventTable">Events</item>
  <item id="attachedEventTable">Attached Events</item>
  <item id="attachedPropertyTable">Attached Properties</item>
  <item id="ExplicitInterfaceImplementationTable">Explicit&#160;Interface&#160;Implementations</item>
	<item id="overloadMembersTable">Overload&#160;List</item>
  <item id="extensionMethodTable">Extension&#160;Methods</item>

  <!-- Thread Safety -->
  <item id="ThreadSafety">Thread Safety</item>
  <item id="ThreadSafetyBP">Any public <include item="staticKeyword"/>  members of this type are thread safe. Any instance members are not guaranteed to be thread safe.</item>
  
  <item id="NotesForImplementers">Notes to Implementers: </item>
  <item id="NotesForCallers">Notes to Callers: </item>
  <item id="NotesForInheritors">Notes to Inheritors: </item>

  <!-- Used for Platform Notes -->
  <item id="PlatformNote">
	  <b>{0} Platform Note:</b> {1}
  </item>
 	<item id="Win95">Windows 95</item>
	<item id="Win98Se">Windows 98 Second Edition</item>
	
	<item id="WinNT4">Windows NT 4.0</item>
	<item id="WinNT4Svr">Windows NT Server 4.0</item>
	<item id="WinNT4Wks">Windows NT Workstation 4.0</item>
	
	<item id="Win2kFamily">Windows 2000</item>
	<item id="Win2kProfessional">Windows 2000 Professional</item>
	<item id="Win2kServer">Windows 2000 Server</item>
	<item id="Win2kDatacenter">Windows 2000 Advanced Server</item>
	
	<item id="WinXPPersonal">Windows XP Home Edition</item>
	<item id="WinXPPro">Windows XP Professional x64 Edition</item>
	<item id="WinXPSvr"><include item="WinSvr2003"/></item>
	<item id="WinXpTablet">Windows XP Tablet PC Edition</item>
	<item id="WinXpEmbedded">Windows XP Embedded</item>
	
	<item id="ECMACLI">Common Language Infrastructure (CLI) Standard</item>
	
	<item id="MSTV">Microsoft TV</item>
		
	<item id="Win9xFamily"><include item="Win95"/>, <include item="Win98"/>, <include item="Win98Se"/>, <include item="WinME"/></item>
	<item id="WinNt4Family"><include item="WinNT4"/></item>
	<item id="WinXpFamily"><include item="WinXPPersonal"/>, <include item="WinXPPro"/>, <include item="WinXPSvr"/></item>
	<item id="WinCE"><include item="WindowsCE"/></item>
	<item id="Win2K"><include item="WinSvr2000"/></item>
	<item id="Win2KSvr"><include item="Win2kServer"/></item>
	<item id="Win2KADC"><include item="Win2kDatacenter"/></item>
	
	<item id="WinNt4Server"><include item="WinNT4Svr"/></item>
	<item id="WinNt4Workstation"><include item="WinNT4Wks"/></item>
	<item id="Win2kAdvanced"><include item="Win2kDatacenter"/></item>
	<item id="Win2kServerApplianceKit"></item>
	<item id="WinXpHome"><include item="WinXPPersonal"/></item>
	<item id="WinXpProfessional"><include item="WinXPPro"/></item>
	<item id="Win2003Server"><include item="WinXPSvr"/></item>
	<item id="NETCF"><include item="PocketPC"/>, <include item="SmartPhone"/>, <include item="WindowsCE"/></item>
	<!-- Platform Notes -->

  <item id="Platforms">Platforms</item>
  <!-- Platforms Information --> 
  <item id="SystemRequirementsLinkBoilerplate">
	  <p/>
	  <span>
		  The <include item="netfw"/> and <include item="netcfw"/> do not support all versions of every platform. For a list of the supported versions, see <conceptualLink target="298275e2-da1d-4618-9f74-6a3567832350"/>.
	  </span>
  </item>

	<!-- inserted boilerplate -->
	<item id="runningHeaderText">Math.NET Project - .NET Framework Class Library</item>
	<item id="rootLink"><referenceLink target="R:Project">Namespaces</referenceLink></item>
	<item id="obsoleteShort"><span class="obsolete">Obsolete.</span></item>
	<item id="obsoleteLong"><span class="obsolete">This API is obsolete.</span></item>
	<item id="nonobsoleteAlternative">The non-obsolete alternative is {0}.</item>
  <item id="obsoleteRed"><font color="red"><b>Obsolete. </b></font></item>
  <item id="ObsoleteBoilerPlate">
    <font color="red"><b>NOTE: This API is now obsolete.</b></font>
  </item>
  <item id="definedBy">(Defined by {0}.)</item>
	<item id="inheritedFrom">(Inherited from {0}.)</item>
	<item id="overridesMember">(Overrides {0}.)</item>
	<item id="locationInformation">Assembly: {0} (Module: {1})</item>
  <item id="hostProtectionAttributeShort">HostProtectionAttribute. </item>
	<item id="hostProtectionAttributeLong">The <referenceLink target="T:System.Security.Permissions.HostProtectionAttribute" prefer-overload="true" /> attribute applied to this <include item="{0}"/> has the following <referenceLink target="P:System.Security.Permissions.HostProtectionAttribute.Resources" prefer-overload="true" /> property value: {1}. The <referenceLink target="T:System.Security.Permissions.HostProtectionAttribute" prefer-overload="true" /> does not affect desktop applications (which are typically started by double-clicking an icon, typing a command, or entering a URL in a browser). For more information, see the <referenceLink target="T:System.Security.Permissions.HostProtectionAttribute" prefer-overload="true" /> class or <conceptualLink target="7dfa36b4-e773-4c75-a3ff-ff1af3ce4c4f" />.</item>
  <item id="classLower">class</item>
  <item id="delegateLower">delegate</item>
  <item id="structureLower">structure</item>
  <item id="interfaceLower">interface</item>
  <item id="enumerationLower">enumeration</item>
  <!-- thread safety boilerplate -->
  <item id="staticThreadSafe">Static members of this type are safe for multi-threaded operations. </item>
  <item id="staticNotThreadSafe">Static members of this type are not safe for multi-threaded operations. </item>
  <item id="instanceThreadSafe">Instance members of this type are safe for multi-threaded operations. </item>
  <item id="instanceNotThreadSafe">Instance members of this type are not safe for multi-threaded operations. </item>

	<!-- alt text for images -->
	<item id="pubClassAltText">Public class</item>
	<item id="pubStructureAltText">Public structure</item>
	<item id="pubInterfaceAltText">Public interface</item>
	<item id="pubDelegateAltText">Public delegate</item>
	<item id="pubEnumerationAltText">Public enumeration</item>
	<item id="protClassAltText">Protected class</item>
	<item id="protStructureAltText">Protected structure</item>
	<item id="protInterfaceAltText">Protected interface</item>
	<item id="protDelegateAltText">Protected delegate</item>
	<item id="protEnumerationAltText">Protected enumeration</item>
	<item id="privClassAltText">Private class</item>
	<item id="privStructureAltText">Private structure</item>
	<item id="privInterfaceAltText">Private interface</item>
	<item id="privDelegateAltText">Private delegate</item>
	<item id="privEnumerationAltText">Private enumeration</item>

	<item id="pubConstructorAltText">Public constructor</item>
	<item id="pubMethodAltText">Public method</item>
	<item id="pubFieldAltText">Public field</item>
	<item id="pubPropertyAltText">Public property</item>
	<item id="pubEventAltText">Public event</item>
	<item id="pubOperatorAltText">Public operator</item>
	<item id="pubAttachedPropertyAltText">Public attached property</item>
	<item id="pubAttachedEventAltText">Public attached event</item>
	<item id="protConstructorAltText">Protected constructor</item>
	<item id="protMethodAltText">Protected method</item>
	<item id="protFieldAltText">Protected field</item>
	<item id="protPropertyAltText">Protected property</item>
	<item id="protEventAltText">Protected event</item>
	<item id="protOperatorAltText">Protected operator</item>
	<item id="protAttachedPropertyAltText">Protected attached property</item>
	<item id="protAttachedEventAltText">Protected attached event</item>
	<item id="privConstructorAltText">Private constructor</item>
	<item id="privMethodAltText">Private method</item>
	<item id="privFieldAltText">Private field</item>
	<item id="privPropertyAltText">Private property</item>
	<item id="privEventAltText">Private event</item>
	<item id="privOperatorAltText">Private operator</item>
	<item id="privtAttachedPropertyAltText">Private attached property</item>
	<item id="privAttachedEventAltText">Private attached event</item>
	<item id="staticAltText">Static member</item>
	<item id="pubextensionAltText">Public Extension Method</item>
	<item id="protextensionAltText">Protected Extension Method</item>
	<item id="privextensionAltText">Private Extension Method</item>

  <!-- labels for links at the top of the All Members topic -->
  <item id="constructorGroup">Constructors</item>
  <item id="methodGroup">Methods</item>
  <item id="propertyGroup">Properties</item>
  <item id="eventGroup">Events</item>
  <item id="fieldGroup">Fields</item>
  <item id="operatorGroup">Operators</item>
  <item id="attachedPropertyGroup">Attached Properties</item>
  <item id="attachedEventGroup">Attached Events</item>
  <item id="collapseAll">Collapse All</item>
  <item id="expandAll">Expand All</item>

  <item id="Example">Example</item>
  <item id="nonScrollingTypeLinkText">{0} <include item="{1}SubGroup"/></item>
  <item id="SeeAlsoNamespaceLinkText">{0} Namespace</item>
  <item id="SeeAlsoTypeLinkText">{0} <include item="{1}SubGroup"/></item>
  <item id="SeeAlsoMembersLinkText">{0} Members</item>
   <item id="SeeAlsoOverloadLinkText">{0} Overload</item>
  
  <item id="classSubGroup">Class</item>
  <item id="structureSubGroup">Structure</item>
  <item id="interfaceSubGroup">Interface</item>
  <item id="delegateSubGroup">Delegate</item>
  <item id="enumerationSubGroup">Enumeration</item>

  <item id="memberOptionsShowAll">Members: Show All</item>
  <item id="memberOptionsFiltered">Members: Filtered</item>
  <item id="memberOptionsPublic">Members: Public Members Only</item>
  <item id="memberOptionsProtected">Members: Protected Members Only</item>
  <item id="memberOptionsInherited">Members: Inherited Members Only</item>
  <item id="memberOptionsDeclared">Members: Declared Members Only</item>
  <item id="includeDeclaredMembers">Include Declared Members</item>
  <item id="includeInheritedMembers">Include Inherited Members</item>
  <item id="includePublicMembers">Include Public Members</item>
  <item id="includeProtectedMembers">Include Protected Members</item>
  
  <item id="IncludeNetfwMembers">Include .NET Framework Members</item>
  <item id="IncludeNetcfwMembers">Include .NET Compact Framework Members</item>
  <item id="IncludeXnafwMembers">Include XNA Framework Members</item>
  <item id="memberFrameworksShowAll">Frameworks: Show All</item>
  <item id="memberFrameworksMultiple">Frameworks: Multiple</item>
  <item id="memberFrameworksNetfw">Frameworks: <include item="netfw"/> Only</item>
  <item id="memberFrameworksNetcfw">Frameworks: <include item="netcfw"/> Only</item>
  <item id="memberFrameworksXnafw">Frameworks: <include item="xnafw"/> Only</item>

  <item id="requirementsNamespaceLayout">
    <b>Namespace:</b> 
  </item>

  <item id="requirementsPlatformsLayout">
    <b>Platforms:</b> {0}
  </item>

  <item id="requirementsAssembliesLabel">
    <b>Assemblies:</b>
  </item>

  <item id="requirementsAssemblyLabel">
    <b>Assembly:</b>
  </item>

  <item id="assemblyNameAndModule">{0} (in {1}.dll)</item>

  <item id="requirementsAssemblyLayout">
    <b>Assembly:</b> {0} (in {1}.dll)
  </item>

  	<!-- Used for Version Information Section -->
  	<item id="supportedIn_1">Supported in: {0}</item>
  	<item id="supportedIn_2">Supported in: {0}, {1}</item>
  	<item id="supportedIn_3">Supported in: {0}, {1}, {2}</item>
  	<item id="supportedIn_4">Supported in: {0}, {1}, {2}, {3}</item>
  	<item id="supportedIn_5">Supported in: {0}, {1}, {2}, {3}, {4}</item>
  	<item id="supportedIn_6">Supported in: {0}, {1}, {2}, {3}, {4}, {5}</item>
  	<item id="supportedIn_7">Supported in: {0}, {1}, {2}, {3}, {4}, {5}, {6}</item>
  	<item id="obsoleteWarning">Obsolete (compiler warning) in {0}</item>
  	<item id="obsoleteError">Obsolete (does not compile) in {0} and later</item>
  	
	<!-- APTCA Boilerplate text -->
	<item id="aptca">Full trust for the immediate caller. This member cannot be used by partially trusted code. For more information, see <conceptualLink target="dd66cd4c-b087-415f-9c3e-94e3a1835f74"/>.</item>
  
  <item id="ReturnValue">Return Value</item>
  <item id="PropertyValue">Property Value</item>
  <item id="FieldValue">Field Value</item>
 
  <item id="derivedClasses">Derived Classes</item>
  <item id="CompactFrameworkAltText">Supported by the .NET Compact Framework</item>
  <item id="XNAFrameworkAltText">Supported by the XNA Framework</item>
  <item id="ExplicitInterfaceImplementation">Explicit Interface Implementations</item>
  <item id="ExplicitInterfaceAltText">Explicit interface implemetation</item>
  
  <!-- boilerplate intro to member list tables -->
  <item id="genericExposedMembersTableText">The {0} generic type exposes the following <include item="{1}"/>.</item>
  <item id="exposedMembersTableText">The {0} type exposes the following <include item="{1}"/>.</item>	
  <item id="membersSubgroup">members</item>
  <item id="MethodsSubgroup">methods</item>
  <item id="PropertiesSubgroup">properties</item>
  <item id="EventsSubgroup">events</item>
  <item id="FieldsSubgroup">fields</item>
  <item id="OperatorsSubgroup">operators</item>
  <item id="AttachedPropertiesSubgroup">attached properties</item>
  <item id="AttachedEventsSubgroup">attached events</item>

  <item id="dependencyPropertyInfoHeading">Dependency Property Information</item>
  <item id="routedEventInfoHeading">Routed Event Information</item>
  <item id="mrefTaskMoreCodeHeading">More Code</item>

  <item id="Overloaded">Overloaded. </item>	
  <item id="defaultNamespace">( Default Namespace )</item>
  
  <item id="typeLink">Type: {0}</item>
  <!-- First line of a param or retval description is a link to the type of the param or retval.
       This boilerplate is used if the type is a type parameter of the member's type. -->
  <item id="typeLinkToTypeParameter"><b>{0}</b> type parameter of {1}.</item>
  
 <!-- Internal only Boilerplate text -->
  <item id="internalOnly">This API supports the .NET Framework infrastructure and is not intended to be used directly from your code.</item>
  <item id="infraStructure">Infrastructure. </item>
       
  <!-- platform names that appear in the Platforms section on mref type and member pages 
       The id values must be in sync with the platform/@name values used in the manifold  platformFilters.xml filter files.
       These values are also used in <platformNotes>
  -->
  <item id="Win98">Windows 98</item>
  <item id="WinME">Windows Millennium Edition</item>
  <item id="WinSvr2000">Windows Server 2000 SP4</item>
  <item id="WinXPPro64">Windows XP Professional x64 Edition</item>
  <item id="WinXP">Windows XP SP2</item>
  <item id="WindowsCE">Windows CE</item>
  <item id="PocketPC">Windows Mobile for Pocket PC</item>
  <item id="SmartPhone">Windows Mobile for Smartphone</item>
  <item id="WinSvr2003">Windows Server 2003</item>
  <item id="WinXpMediaCenter">Windows XP Media Center Edition</item>
  <item id="WinXPSE">Windows XP Starter Edition</item>
  <item id="WinVista">Windows Vista</item>
  <item id="Xbox360">Xbox 360</item>

  <!-- framework ids:  
       These shared content item strings are used for the headings in the Version Information section 
       These ids must be in sync with the ids used in the config file for VersionBuilder.
  -->
  <item id="netfw">.NET Framework</item>
  <item id="netcfw">.NET Compact Framework</item>
  <item id="xnafw">XNA Framework</item>
  
  <!-- framework version ids
       These shared content item strings are used in the Version Information section.
       These ids must be in sync with the ids used in the config file for VersionBuilder.
       The ids are also used in the platformFilters.xml filter files to indicate the framework version supported by each platform
  -->
  <item id="netfw35">3.5</item>
  <item id="netfw30_1">3.0 SP1</item>
  <item id="netfw30">3.0</item>
  <item id="netfw20_1">2.0 SP1</item>
  <item id="netfw20">2.0</item>
  <item id="netfw11">1.1</item>
  <item id="netfw10">1.0</item>

  <item id="netcfw35">3.5</item>
  <item id="netcfw20">2.0</item>
  <item id="netcfw10">1.0</item>

  <item id="xnafw10">1.0</item>

  <!-- Used in the Requirements section to display an xmlns URI for apis that can be used in XAML -->
  <item id="xamlXmlnsRequirementsLayout"><b>XMLNS for XAML:</b> {0}</item>
  <item id="unmappedXamlXmlns">Not mapped to an xmlns.</item>

  <item id="secondaryFrameworkOverride"><br/><br/>In <include item="{0}"/>, this member is overridden by {1}.</item>
  <item id="secondaryFrameworkInherited"><br/><br/>In <include item="{0}"/>&#160;<include item="{1}"/>, this member is inherited from {2}<span class="languageSpecificText"><span class="cs">.</span><span class="vb">.</span><span class="cpp">::</span><span class="nu">.</span></span>{3}.</item>
  <item id="secondaryFrameworkMember"><br/><br/>In <include item="{0}"/>&#160;<include item="{1}"/>, this member is {2}.</item>
  
  <item id="useBaseSummary">This member overrides {0}.</item>
  <item id="useBaseSee">See {0}.</item>
  <item id="useBaseBoilerplate">This member overrides {0}, and more complete documentation might be available in that topic.</item>

  <item id="flagsSummary">This enumeration has a {0} attribute that allows a bitwise combination of its member values.</item>
</content>
