<Type Name="SplineBoundaryCondition" FullName="MathNet.Numerics.Interpolation.SplineBoundaryCondition">
  <TypeSignature Language="C#" Value="public enum SplineBoundaryCondition" />
  <AssemblyInfo>
    <AssemblyName>MathNet.Iridium</AssemblyName>
    <AssemblyVersion>1.0.0.8645</AssemblyVersion>
    <AssemblyVersion>2008.8.16.470</AssemblyVersion>
  </AssemblyInfo>
  <Base>
    <BaseTypeName>System.Enum</BaseTypeName>
  </Base>
  <Docs>
    <summary>
            Left and right boundary conditions.
            </summary>
    <remarks>To be added.</remarks>
  </Docs>
  <Members>
    <Member MemberName="FirstDerivative">
      <MemberSignature Language="C#" Value="FirstDerivative" />
      <MemberType>Field</MemberType>
      <AssemblyInfo>
        <AssemblyVersion>1.0.0.8645</AssemblyVersion>
        <AssemblyVersion>2008.8.16.470</AssemblyVersion>
      </AssemblyInfo>
      <ReturnValue>
        <ReturnType>MathNet.Numerics.Interpolation.SplineBoundaryCondition</ReturnType>
      </ReturnValue>
      <Docs>
        <summary>
            Fixed first derivative at the boundary.
            </summary>
      </Docs>
    </Member>
    <Member MemberName="Natural">
      <MemberSignature Language="C#" Value="Natural" />
      <MemberType>Field</MemberType>
      <AssemblyInfo>
        <AssemblyVersion>1.0.0.8645</AssemblyVersion>
        <AssemblyVersion>2008.8.16.470</AssemblyVersion>
      </AssemblyInfo>
      <ReturnValue>
        <ReturnType>MathNet.Numerics.Interpolation.SplineBoundaryCondition</ReturnType>
      </ReturnValue>
      <Docs>
        <summary>
            Natural Boundary (Zero second derivative).
            </summary>
      </Docs>
    </Member>
    <Member MemberName="ParabolicallyTerminated">
      <MemberSignature Language="C#" Value="ParabolicallyTerminated" />
      <MemberType>Field</MemberType>
      <AssemblyInfo>
        <AssemblyVersion>1.0.0.8645</AssemblyVersion>
        <AssemblyVersion>2008.8.16.470</AssemblyVersion>
      </AssemblyInfo>
      <ReturnValue>
        <ReturnType>MathNet.Numerics.Interpolation.SplineBoundaryCondition</ReturnType>
      </ReturnValue>
      <Docs>
        <summary>
            Parabolically Terminated boundary.
            </summary>
      </Docs>
    </Member>
    <Member MemberName="SecondDerivative">
      <MemberSignature Language="C#" Value="SecondDerivative" />
      <MemberType>Field</MemberType>
      <AssemblyInfo>
        <AssemblyVersion>1.0.0.8645</AssemblyVersion>
        <AssemblyVersion>2008.8.16.470</AssemblyVersion>
      </AssemblyInfo>
      <ReturnValue>
        <ReturnType>MathNet.Numerics.Interpolation.SplineBoundaryCondition</ReturnType>
      </ReturnValue>
      <Docs>
        <summary>
            Fixed second derivative at the boundary.
            </summary>
      </Docs>
    </Member>
  </Members>
</Type>
